연번,음식이름정보,에너지(칼로리)정보,단백질,칼슘,비타민(A),비타민(B1),비타민(B2),그외 영양소 1,그외 영양소 2,그외 영양소 3
1,누룬밥,174,0.75,0,0.05,0.02,0.7,0,1.8,0
2,누룽지,174,0.75,0,0.05,0.02,0.7,0,1.8,0
3,쌀밥,313.2,1.35,0,0.09,0.03,1.26,0,3.24,0
4,찰밥,336.6,1.04,0,0.13,0.07,1.44,0,6.12,0
5,현미밥,318.6,1.85,0,0.31,0.06,2.16,0,18,1.8
6,강남콩밥,347.6,1.63,0.2,0.12,0.05,1.44,0,42.65,0
7,녹두밥,346.7,1.6,1.2,0.13,0.04,1.46,0,42.87,0.1
8,밤밥,327,1.38,2.4,0.16,0.05,1.42,3.6,17.4,0
9,밤팥밥,307.2,1.67,1.6,0.16,0.05,1.41,2.4,54.49,0.1
10,보리밥,347.7,1.42,0,0.13,0.03,1.35,0,8.24,0.1
11,수수밥,349.2,1.48,0,0.1,0.03,1.68,0,8.58,0.2
12,오곡밥,380.55,1.92,0,0.2,0.09,2.05,0,60.55,0.38
13,옥수수밥,346.9,1.56,3.5,0.12,0.04,1.4,0,5.89,0.3
14,완두콩밥,337.2,2.15,10.2,0.16,0.12,10.26,0,16.24,0
15,율무밥,351.1,1.53,0,0.11,0.03,1.59,0,5.89,0.3
16,잡곡밥,347.6,1.84,0,0.14,0.05,1.94,0,50.51,0.3
17,조밥,353.8,1.82,0,0.12,0.04,1.42,0,8.58,0.2
18,차수수밥,348.6,1.49,0,0.1,0.03,1.54,0,6.09,0.1
19,차조밥,354.9,1.59,0,0.13,0.05,2.01,0,9.06,0.2
20,콩밥,351,1.62,0,0.12,0.05,1.45,0,15.94,0.1
21,팥밥,344.4,1.85,0,0.13,0.04,1.49,0,45.53,0.1
22,감자밥,300.4,1.36,0,0.11,0.04,1.64,8.4,8.2,0
23,고구마밥,329.6,1.31,7.6,0.1,0.04,1.4,10,23.68,0.4
24,야채밥,314.06,1.45,82.06,0.12,0.07,1.76,6.77,10.1,0.61
25,영양밥(돌솥밥),353.1,1.42,3.2,0.2,0.14,2.51,6.55,42.76,0.25
26,콩나물밥,332.15,1.87,21,0.26,0.14,2.85,6.73,11.51,1.14
27,김치볶음밥,374.38,1.7,166.57,0.27,0.13,3.29,13.3,45,5.24
28,야채볶음밥,449.83,2.08,433.57,0.34,0.16,2.41,12.63,16.36,5.95
29,비빔밥,484.79,2.8,696.9,0.21,0.32,3.58,19.78,78.02,5.14
30,새우볶음밥,397.58,1.93,260.87,0.14,0.12,4.93,13,24.43,5.75
31,쇠고기볶음밥,427.76,2.43,264.22,0.16,0.13,5.73,12.8,18.27,5.4
32,열무비빔밥,368.98,2.01,376.59,0.16,0.18,2.98,19.76,30.09,0.52
33,오므라이스,519.6,3.12,367.7,0.24,0.29,8.02,17.5,39.68,6.26
34,참치볶음밥,428.37,2.02,151.22,0.2,0.2,12.78,7.2,33.12,6.64
35,콩나물비빔밥,377.55,2.23,42.01,0.18,0.16,3.12,8.89,14.92,1.41
36,국밥,411.05,2.47,26.82,0.15,0.13,3.74,12.38,41.04,0.26
37,계란덮밥,466.4,2.53,206.41,0.22,0.27,3.55,4.89,23.36,0.71
38,닭고기덮밥,431.8,2.66,159.01,0.2,0.18,6.5,5.89,20.27,0.01
39,돈육카레라이스,456.8,2.27,277.6,0.32,0.12,5.86,11.9,64.62,0.41
40,두부덮밥,434.8,2.56,128.41,0.2,0.16,3.92,4.89,30.01,0.81
41,두부카레라이스,455.55,2.24,217.46,0.27,0.12,6.48,11.24,65.18,1.26
42,버섯덮밥,405.1,2.47,129.91,0.24,0.3,5.72,8.79,34.85,0.01
43,쇠고기덮밥,447.14,2.53,137.56,0.18,0.18,4.64,9.04,26.09,0.63
44,순대국밥,416.62,3.23,136.28,0.2,0.18,5.33,4.6,28.84,0.47
45,오징어덮밥,443.6,2.44,255.31,0.18,0.16,4.32,33.44,39.48,5.89
46,잡채밥,525.97,2.17,251.2,0.3,0.16,3.42,14.42,39.68,6.59
47,잡탕밥,521.95,2.94,190.85,0.27,0.29,4.6,8.65,40.15,7.2
48,짜장밥,487.1,2.14,27.16,0.31,0.16,5.41,20.39,48.18,5.41
49,참치회덮밥,459.54,1.9,338.09,0.24,0.23,9.92,23.12,52.91,1.58
50,한치회덮밥,436.44,2.95,333.89,0.21,0.14,3.41,21.72,59.42,3.68
51,해물덮밥,379.71,2.27,145.81,0.13,0.12,3.55,16.44,20.04,2.2
52,김밥,446.45,1.92,373.65,0.17,0.22,2.16,14.17,59.34,6.84
53,김초밥,451.29,2.31,375,0.18,0.36,2.55,3.72,42.95,2.65
54,생선초밥,518.01,3.49,431.94,0.46,0.36,9.21,2.54,40.71,2.62
55,유부초밥,456.98,1.81,62.85,0.11,0.04,1.43,0.6,12.09,2.17
56,고로케,458.8,0.7,77.5,0.09,0.19,1.71,0,44.95,0
57,곰보빵(소보로),300.8,0.22,23.2,0.11,0.05,1.04,0,24,1.6
58,"데니쉬페이스트리,과일(패스트푸드)",334.64,0.48,24.44,0.29,0.21,1.79,2,15.04,0.94
59,"데니쉬페이스트리,시나몬(패스트푸드)",349.36,0,5.28,0.26,0.19,2.2,2.99,0,0
60,"데니쉬페이스트리,치즈(패스트푸드)",353.08,0.63,42.77,0.27,0.21,2.6,3,14.56,2.73
61,"도우넛,링",329.6,0.36,11.2,0.07,0.09,1.12,0,17.28,2.4
62,"도우넛,팥",319.2,0.36,20.8,0.08,0.06,0.4,0,17.28,2.4
63,"롤빵,소프트롤",223.2,0.62,0,0.05,0.06,0.64,0,24,0
64,"롤빵,하드롤",240.8,0.52,0,0.39,0.26,3.2,0,24,0
65,머핀,240.8,0.45,6.4,0.22,0.24,1.84,0,9.6,0
66,모카빵,291.2,0.6,12,0.12,0.08,0.88,0,24,1.6
67,"바게뜨빵,마늘바게뜨",400,0.63,32,0.11,0.05,1.04,0,76,0
68,버리토(패스트푸드),391.5,0,50.11,0.37,0.3,5.39,2,0,0
69,"베이걸,건포도계피,토스트",237.6,0.58,4,0.26,0.22,2.4,0.8,61.6,0
70,블란서빵,234.4,0.63,0,0.06,0.03,0.48,0,76,0
71,비스켓(패스트푸드),274.54,0.29,7.4,0.27,0.18,1.63,0,5.92,1.48
72,비스켓(KFC),221.96,0.24,0.62,0.23,0.11,1.48,0,4.96,1.24
73,"비스켓,버터밀크(웬디스)",318.66,0.37,47,0.04,0.04,0.24,22.56,7.52,1.88
74,"샌드위치,계란,치즈",411.84,1.99,59.84,0.32,0.69,2.46,1.76,44,0
75,"샌드위치,로스트비프",436.48,4.29,19.36,0.48,0.39,7.39,3.52,51.04,0
76,"샌드위치,생선",485.76,1.11,8.8,0.37,0.25,3.87,3.52,53.68,1.76
77,"샌드위치,아침용샌드위치(웬디스)",370.23,0,67.08,0.49,0.23,3.42,3.92,0,0
78,"샌드위치,치킨",499.84,1.81,7.04,0.32,0.23,6.51,8.8,28.16,0
79,"샌드위치,햄,치즈",361.5,1.41,78,0.32,0.5,2.7,2.85,73.5,0
80,슈크림,195.2,0.42,81.6,0.04,0.11,0.4,0,22.4,0
81,식빵,277,0.75,2,0.07,0.05,1.1,0,30,2
82,엔칠라다(패스트푸드),395.6,0,262.2,0.18,0.25,0,0,0,0
83,옥수수빵,311,0.75,15,0.24,0.27,2.1,0,11,2
84,와플,231.3,0.42,72.9,0.05,0.16,0.18,0,10.8,0.9
85,"잉글리쉬머핀,버터포함(패스트푸드)",189,0.45,10.08,0.25,0.32,2.65,0.63,7.56,0
86,쨈빵,224,0.59,0,0.04,0.03,0.32,0,24,4.8
87,"찐빵,고기",203.2,1.95,2.4,0.17,0.12,1.6,6.4,23.2,0
88,"찐빵,팥",197.6,0.34,0,0.06,0.02,0.4,0,24,4.8
89,쵸코파이(롯데),133.8,0.18,9.6,0.01,0.02,0.09,0,9,1.8
90,카스테라,323,0.55,60,0.05,0.08,0.2,0,13.7,0
91,커스터드,84.8,0.45,13.6,0.02,0.18,0.08,0.88,8,0
92,"케이크,당근케이크",314.1,0.35,76.5,0.12,0.15,1.08,0,27,5.4
93,"케이크,롤케이크",310.25,0.1,110.5,0.07,0.1,0.17,0,25.5,5.1
94,"케이크,바나나케이크",306,0,33.41,0.01,0.12,0.8,0,0,0
95,"케이크,생크림,블루베리",207.4,0.55,29.75,0.01,0.05,0.09,0,2.55,1.7
96,"케이크,쇼트케이크",306,0.36,87.3,0.05,0.15,0.18,0,27,5.4
97,"케이크,스폰지케이크",294.1,0.1,69.7,0.04,0.1,0.09,0,25.5,5.1
98,"케이크,엔젤케이크",241.2,0.11,0,0.09,0.44,0.81,0,27,5.4
99,"케이크,쵸코케이크",393.3,0.41,70.2,0.03,0.09,0.18,0,27,5.4
100,"케이크,치즈케이크",270.9,0.5,63.9,0.04,0.12,0.45,0,13.5,1.8
101,"케이크,컵케이크",378.9,0.41,49.5,0.03,0.1,0.09,0,27,5.4
102,"케이크,파운드케이크",363.6,0.41,63,0.11,0.16,0.27,0,27,5.4
103,"케이크,후르트케이크",312.3,0.59,63,0.05,0.09,0.72,0,2.7,1.8
104,크로쌍,344.8,0.52,4,0.05,0.1,0.72,0,22.4,0
105,"크로쌍,계란과치즈",234.4,1.1,47.2,0.12,0.24,0.96,0,23.2,0
106,"크로쌍,버터",324,0.6,4,0.31,0.19,1.76,0,22.4,0
107,크림빵,219.2,0.6,16,0.06,0.07,0.64,0,22.4,0
108,타코(패스트푸드),175.2,1.72,30.4,0.07,0.21,1.52,0.8,2.88,0.8
109,토스트,290,0.62,0,0.42,0.34,3.9,0,26,0
110,"파이,고구마파이",233.7,0,444.03,0.6,14.02,0.31,5.02,0,0
111,"파이,딸기파이",184.14,0,3.01,0.2,0.04,0.4,23.06,0,0
112,"파이,블랙베리",280.84,0,86.38,0.02,0.02,0.04,4.96,0,0
113,"파이,블루베리",280.84,0,40.12,0.02,0.02,0.04,4.72,0,0
114,"파이,사과파이(맥도날드)",254.15,0.4,0,0.02,0.02,0.2,0,3.4,2.55
115,"파이,애플파이",215.1,0.42,0,0.02,0.02,0.18,0,10.8,0.9
116,"파이,애플파이(버거킹)",305,0.59,0,0.28,0.16,0.6,5,5,3.75
117,"파이,체리파이",307.98,0,59,0.02,0.02,0.59,0,0,0
118,"파이,체리파이(맥도날드)",260.48,0,1,0.03,0.02,0.3,0,0,0
119,"파이,체리파이(버거킹)",357.12,0,32.38,0.24,0.17,0.5,8,0,0
120,"파이,파인애플파이",298.54,0,1.75,0.05,0.02,0.5,0.94,0,0
121,"파이,피칸파이",389.85,0.53,63.28,0.06,0.05,0.23,0,13.56,1.13
122,"파이,피칸파이(버거킹)",458.78,0,9.04,0.28,0.18,0,0,0,0
123,"파이,호박파이",240.54,0,547.2,0.03,0.11,0.59,0,0,0
124,팥빵,234.4,0.34,4.8,0.07,0.05,0.64,0,24,4.8
125,패스트리,320.8,0.53,1.6,0.06,0.09,0.56,0,12.8,0.8
126,"푸딩,커스터드",116,0.1,57.44,0.06,0.07,0.08,0,24,4.8
127,피자,403.5,2.27,70.5,0.26,0.15,1.65,3,51,1.5
128,"피자,디럭스(패스트푸드)",582.66,0.94,299.52,0.3,0.82,3.51,0,79.56,0
129,"피자,소시지(패스트푸드)",341.7,0,198.9,0.26,0.24,2.19,26.01,0,0
130,"피자,쇠고기,(패스트푸드)",420.8,0,204.8,0.16,0.16,5.12,8,0,0
131,"피자,슈프림(패스트푸드)",678.3,1.02,326.4,0.33,0.92,3.7,0,86.7,0
132,"피자,씬크리스피,슈퍼슈프림(피자헛)",462.84,2.86,259.84,0.55,0.45,5.03,4.06,69.02,2.03
133,"피자,씬크리스피,슈프림(피자헛)",460,2.82,256,0.54,0.44,4.96,4,68,2
134,"피자,씬크리스피,치즈(피자헛)",398.12,1.91,173.16,0.43,0.38,5.83,2.96,137.64,1.48
135,"피자,씬크리스피,페퍼로니(피자헛)",413.18,1.07,170.82,0.42,0.38,5.75,2.92,108.04,1.46
136,"피자,야채(패스트푸드)",219.24,0,126.36,0.14,0.22,1.8,10,0,0
137,"피자,치즈(패스트푸드)",408.48,2.37,215.28,0.53,0.46,7.36,2.94,171.12,1.84
138,"피자,치즈,쇠고기,야채(패스트푸드)",184.07,0,101.12,0.21,0.17,1.98,1.98,0,0
139,"피자,콤비네이션피자(패스트푸드)",673.2,1.02,326.4,0.43,0.43,4.59,18,86.7,0
140,"피자,크러스트,슈퍼슈프림(피자헛)",556.47,0,311.04,0.66,0.53,6.03,4.86,0,0
141,"피자,크러스트,슈프림(피자헛)",540.14,0,305.92,0.65,0.53,5.93,4.78,0,0
142,"피자,크러스트,치즈(피자헛)",517,0,257.4,0.64,0.57,8.67,4.4,0,0
143,"피자,크러스트,페퍼로니(피자헛)",500.38,0,151.69,0.37,0.65,8.45,4.53,0,0
144,"피자,팬피자,슈프림(피자헛)",665.3,3.6,2217.48,0.69,0.56,6.38,5.1,86.7,2.55
145,"피자,팬피자,치즈(피자헛)",492,0,239.85,0.59,0.53,8,4.1,0,0
146,"피자,팬피자,페퍼로니(피자헛)",636.59,1.54,2273.74,0.4,0.7,9.07,4.85,156.14,2.11
147,"피자,팬피자.슈퍼슈프림(피자헛)",630.59,3.43,2318.71,0.66,0.53,6.08,4.86,82.62,2.43
148,"피자,페퍼로니(패스트푸드)",487.05,1.39,145.16,0.38,0.61,8.4,5.35,141.34,1.91
149,핫도그(패스트푸드),242.06,1.98,0,0.24,0.27,3.72,0,29.4,1.96
150,"핫도그,칠리(패스트푸드)",297.54,0,6.04,0.21,0.05,3.76,2.96,0,0
151,핫케익,222.3,0.67,18,0.04,0.05,0.27,0,27,5.4
152,햄버거(로이로저스),456.17,0,0,0,0,0,0,0,0
153,햄버거(맥도날드),260,2.22,0,0.37,0.3,4.1,0,28,1
154,햄버거(버거킹),291.03,2.42,0,0.4,0.33,4.47,0,30.52,1.09
155,햄버거(패스트푸드),343.5,3.33,31.5,0.17,0.09,2.7,3,42,1.5
156,"햄버거,더블버거(웬디스)",560.28,0,10.15,0.24,0.32,5.28,10.76,0,0
157,"햄버거,더블버거(패스트푸드)",485.17,5.08,10.15,0.32,0.35,6.8,1.02,24.36,2.03
158,"햄버거,더블와퍼(버거킹)",925.24,8.56,402.25,0.95,0.77,14.74,9.13,101.79,0
159,"햄버거,더블치즈버거(웬디스)",621.01,0,46.41,0.27,0.38,5.19,10.61,0,0
160,"햄버거,더블치즈와퍼(버거킹)",1012.5,4.24,300.75,0.68,1.46,5.25,9,93.75,0
161,"햄버거,로스트비프샌드위치(로이로저스)",317.24,0,0,0,0,0,0,0,0
162,"햄버거,맥디엘티(맥도날드)",629.92,0,121.92,0.43,0.38,7.37,7.62,0,0
163,"햄버거,바버거(로이로저스)",611.52,0,0,0,0,0,0,0,0
164,"햄버거,베이컨치즈버거(로이로저스)",581.4,0,0,0,0,0,0,0,0
165,"햄버거,베이컨치즈버거(버거킹)",454.26,5.57,65.19,0.41,0.49,5.41,0,27.03,0
166,"햄버거,베이컨치즈버거(웬디스)",454.3,0,26.18,0.25,0.32,5.24,1.69,0,0
167,"햄버거,빅맥(맥도날드)",520,4.44,42,0.44,0.4,6.4,1.8,56,2
168,"햄버거,빅클래식더블햄버거(웬디스)",681.55,0,66.57,0.38,0.54,7.61,15.22,0,0
169,"햄버거,빅클래식버거(웬디스)",496.46,0,19.28,0.51,0.6,9.4,6.63,0,0
170,"햄버거,빅클래식치즈버거(웬디스)",640.15,0,0,0,0,0,0,0,0
171,"햄버거,싱글버거(웬디스)",342.9,0,0,0,0,0,0,0,0
172,"햄버거,싱글치즈버거(웬디스)",410.35,0,0,0,0,0,0,0,0
173,"햄버거,어린이용키즈버거(웬디스)",164.74,1.6,67.1,0.27,0.22,2.95,1.8,20.16,0.72
174,"햄버거,와퍼샌드위치(버거킹)",647.66,6.47,196.1,0.72,0.58,11.13,8.75,76.85,0
175,"햄버거,와퍼쥬니어샌드위치(버거킹)",344.08,3.32,344.35,0.37,0.3,5.71,4.35,39.44,0
176,"햄버거,와퍼쥬니어치즈샌드위치(버거킹)",386.61,1.66,0,0.26,0.57,2.06,4.26,36.75,0
177,"햄버거,치즈버거(로이로저스)",562.25,0,0,0,0,0,0,0,0
178,"햄버거,치즈버거(맥도날드)",364.8,2.53,91.2,0.3,0.35,6.95,0,29.64,0
179,"햄버거,치즈버거(버거킹)",324.84,2.66,0,0.31,0.37,7.32,0,31.2,0
180,"햄버거,치즈버거(패스트푸드)",490.5,3.33,120,0.39,0.47,9.15,0,39,0
181,"햄버거,치즈와퍼(버거킹)",757.34,3.32,398.66,0.53,1.15,4.12,8.82,73.5,0
182,"햄버거,치킨샌드위치(버거킹)",684.71,2.36,30,0.46,3.09,9.62,0,36.64,0
183,"햄버거,치킨클럽샌드위치(웬디스)",471.04,0,0,0,0,0,0,0,0
184,"햄버거,쿼터파운더(맥도날드)",427.2,0,8,0.37,0.32,7.2,3.01,0,0
185,"햄버거,쿼터파운더와치즈(맥도날드)",524.52,0,39.06,0.37,0.41,7.09,2.99,0,0
186,"햄버거,크로상샌드위치(버거킹)",354.62,0,102.34,0.32,0.3,2.09,0,0,0
187,"햄버거,햄치즈샌드위치(버거킹)",471.5,0,174.11,0.87,0.41,6.1,6.99,0,0
188,"햄버거,휘쉬필레버거(웬디스)",210.68,0,0,0,0,0,0,0,0
189,호밀빵,265,1.14,0,0.26,0.1,1.1,0,86,1
190,후렌치토스트(버거킹),469.17,0,126.36,0,0,0,0,0,0
191,후렌치토스트(웬디스),399.6,0,0,0,0,0,0,0,0
192,"감자스낵,포테이토칩",159.6,0.33,0.6,0.06,0.01,1.2,6.3,13.29,1.8
193,"감자스낵,프링글즈(오리지날)",166.88,0.14,6.16,0.04,0.02,0.9,2,19.6,1.68
194,"강정,들깨강정",153.3,0.92,0.6,0.05,0.12,1.47,0,28.44,0.3
195,"강정,땅콩강정",162,1.02,0.3,0.05,0.02,4.08,0,31.05,3.9
196,"강정,보리강정",114.9,0.69,0,0.02,0.01,0.15,0,7.5,0.3
197,"강정,쌀강정",114.9,0.51,0,0.02,0.01,0.15,0,1.2,0
198,"강정,엿강정",114.9,0.17,0,0.02,0.01,0.15,0,2.13,0
199,"강정,콩강정",132.3,0.87,0,0.09,0.06,0.81,0,40.8,0.3
200,건빵,124.5,0.16,0,0.03,0.01,0.27,0,2.4,0.6
201,"과자,꼬깔콘(롯데)",162.3,0.09,27,0.01,0.01,0.15,0,2.46,1.8
202,"과자,마가렛트(롯데)",150.3,0.18,159,0.02,0.01,0.15,0,1.8,0.6
203,"과자,버터쿠키(나비스코)",229,0,75.5,0.02,0.03,0.2,0,0,0
204,"과자,빠다코코넛(롯데)",152.1,0.16,360.9,0,0,0,0,2.4,0.6
205,"과자,애플잼(롯데)",132.3,0.14,55.5,0.02,0.01,0.09,0,3.6,0.6
206,"과자,엄마손파이(롯데)",157.5,0.2,0,0.02,0.01,0.15,0,4.8,0.3
207,"과자,젝크(롯데)",155.7,0.34,0,0.03,0.01,0.15,0,4.2,0.9
208,"과자,쵸이스(롯데)",144.9,0.16,659.7,0.03,0.02,0.15,0,2.4,0.6
209,"과자,쵸코칩쿠키(롯데)",159.9,0.16,8.7,0.03,0.01,1.23,0,2.4,0.6
210,"과자,커스타드(롯데)",99.75,0.12,157.71,0.01,0.04,0.04,0,2.1,0
211,"과자,프레즐",110.88,0,0,0.09,0.07,1.2,0,0,0
212,"과자,하비스트(롯데)",103.74,0.11,65.31,0.02,0.01,0.15,0,1.68,0.42
213,나쵸(패스트푸드),223,1.47,100,0.09,0.27,1.3,2,3.6,1
214,모나카,102.3,0.16,0,0,0.01,0.06,0,2.4,0
215,비스켓,99.6,0.18,0.3,0.11,0.11,0.9,0,1.8,0.6
216,산자,125.1,0.35,0,0,0,0.09,0,2.04,0
217,센베이,123.6,0.16,0,0.02,0.01,2.55,0,2.4,0
218,"스낵,나쵸",119.84,0,22.68,0.3,0.1,4,5.99,0,0
219,"스낵,밀가루",134.96,0.08,0,0.03,0.01,0.17,0,2.24,1.68
220,"스낵,새우맛",146.44,0.08,0,0,0,0.11,0,2.24,1.68
221,"스낵,콘칩스",152.88,0,11.7,0.05,0.3,0,0,2.24,1.12
222,스낵과자,155.4,0.09,2.4,0.01,0.01,0.12,1.2,2.4,1.8
223,"웨하스,바닐라",153.3,0.24,0.9,0.02,0.02,0.12,0,6.06,0.6
224,"유과,찹쌀유과",109.5,0.25,0,0,0,0.06,0,1.23,0
225,"유과,콩유과",109.5,0.25,0,0,0,0.06,0,1.23,0
226,"전병,셈베이,김",126.9,0.16,2.4,0.03,0.02,0.24,0,2.4,0
227,"전병,찹쌀",133.8,0.16,0,0.02,0.02,0.21,0,2.4,1.8
228,치즈나쵸(패스트푸드),344.65,0,91.53,0.19,0.37,1.47,1.02,0,0
229,쿠키,147.6,0.11,0,0.01,0.01,0.06,0,1.83,0.9
230,"쿠키,땅콩버터",145.8,0.16,0,0.05,0.05,1.29,0,1.83,0.9
231,크래커,150.3,0.34,0,0.02,0.08,0.51,0,4.2,0.9
232,"크래커,땅콩샌드",149.1,0.32,0,0.13,0.1,1.77,0,4.2,0.9
233,"크래커,치즈샌드",142.2,0.19,0,0.14,0.2,1.14,0,4.2,0.9
234,"한과,다식,검정깨,",137.7,2.01,0,0.17,0.04,1.32,0,0.36,2.1
235,"한과,다식,송화",97.8,0.02,0,0,0.01,0.24,0,9.51,0.3
236,"한과,약과",135.6,0.11,0,0.03,0,0.12,0,1.83,0.9
237,"한과,참깨강정",150.3,2.13,0.3,0.11,0.04,1.32,0,0.39,2.4
238,"한과,찹쌀산자",125.1,0.35,0,0,0,0.09,0,2.04,0
239,국수장국,419.91,2.48,89.53,0.23,0.43,3.1,14.74,46.4,1.17
240,닭칼국수,233.28,1.56,64.87,0.13,0.15,4.67,7.05,21.2,0.37
241,도토리국수,428.63,1.12,91.91,0.87,0.14,4.61,11.49,86.96,1.03
242,라면,525.03,1.1,161.13,0.69,0.58,1.11,0.48,23.26,0.5
243,메밀국수,312.06,1.69,42.37,0.26,0.12,1.6,6.01,83.19,0.26
244,물냉면,435.84,1.61,51.38,0.09,0.15,3.11,8.49,72.58,0.36
245,비빔국수,522.21,2.75,221.31,0.28,0.52,3.8,7.79,67.8,4.18
246,비빔냉면,442.17,1.39,91.91,0.1,0.15,2.36,11.45,68.57,1.03
247,컵라면(큰것),327.66,0.47,59.34,0.47,0.33,0.77,0,15.14,0
248,수제비,372.07,1.19,28.31,0.29,0.14,2.91,12.95,50.83,1.34
249,스파게티(패스트푸드),260,3.43,259.5,0.25,0.18,2.3,13,45,0
250,스파게티와미트볼(패스트푸드),332.32,0,381.92,0.25,0.3,3.99,22.07,0,0
251,야채라면,495.02,0.9,243.93,0.68,0.51,1.24,5.5,30.47,0.25
252,열무김치국수,437.17,2.22,337.1,0.24,0.47,2.4,14.73,44.92,0.29
253,우동,461.6,0.87,46.56,0.16,0.17,1.19,1.24,17.26,0.87
254,"울면,인스턴트",431,0.18,36,0.19,0.05,3.9,0,1.9,0
255,유부국수,509.8,2.8,94.01,0.23,0.42,3.16,5.39,53.84,1.46
256,짜장면,607.5,1.07,14.5,0.34,0.13,2.77,24.45,48.06,5.55
257,"짜장면,인스턴트",458.4,0.31,1.2,0.16,0.04,1.2,0,12,0
258,짬뽕,571.67,1.6,293.27,0.24,0.25,3.1,18.33,67.68,8.17
259,쫄면,559.61,2.05,105.15,0.33,0.17,3.03,11.6,51.57,1.14
260,칡냉면(비빔면),456.42,1.44,125.51,0.1,0.16,2.62,10.89,74.15,1.06
261,칼국수,285,1.05,43.86,0.13,0.08,2.44,15.98,14.3,1.39
262,"칼국수,인스턴트",158.4,0.22,0,0.06,0.01,0.36,0,2.28,0
263,컵라면(작은것),274.32,0.4,49.68,0.4,0.27,0.65,0,12.67,0
264,콩국수,481.34,1.53,46.76,0.36,0.38,2.72,8.32,71.99,1.65
265,"하이면,인스턴트",139.23,0.5,2.34,0.05,0.04,2.93,0,15.68,0
266,회냉면,490,1.13,200.56,0.12,0.21,3.11,6.14,73.65,1.75
267,메밀국수(일식),304.61,1.63,44.91,0.26,0.11,1.51,7.45,66.68,0.21
268,열무김치냉면,403.07,1.34,304.46,0.08,0.16,2.72,17.04,59.3,0.25
269,고기만두,424.54,2.26,17.02,0.41,0.17,4.4,7.33,38.97,1.81
270,군만두,468.74,2.26,17.02,0.41,0.17,4.4,7.33,38.97,6.96
271,김치만두,401.24,2.06,48.52,0.38,0.17,4.12,12.93,66.66,1.71
272,김치만두국,253.47,1.06,117.35,0.27,0.18,1.88,8.69,40,1.37
273,떡만두국,526.52,1.83,113.28,0.28,0.23,3.88,2.86,22.1,1.29
274,만두국,382.88,1.77,115.5,0.36,0.23,2.51,3.42,22.93,1.84
275,만두탕수,421.41,1.29,92.71,0.33,0.14,1.53,2.93,12.53,6.72
276,물만두,462.28,2.48,94.67,0.45,0.26,4.58,9.33,55.96,2.1
277,비빔만두,340.05,1.22,129.87,0.33,0.15,1.5,3.75,11.8,1.85
278,찐만두,495.6,1.96,139.64,0.41,0.19,3.88,9.33,48.31,1.53
279,튀김만두,473.75,2.09,15.42,0.36,0.16,3.86,9.83,38.13,9.15
280,감자죽,197,1.17,133.1,0.12,0.06,2,13.7,16.73,0.01
281,고기죽,255.53,1.46,7.5,0.08,0.07,2.28,1.11,4.16,0.91
282,깨죽,261.3,1.37,0,0.19,0.08,2.76,0,29.52,0.3
283,단팥죽,380,2.89,0.8,0.24,0.09,1.23,1.7,217.86,0.51
284,닭죽,240.5,1.24,2.6,0.11,0.07,6.35,1.4,4.61,0.01
285,버섯죽,223.92,1.47,0.6,0.16,0.19,3.11,1.3,10.03,0.88
286,새우죽,229.2,1.38,1.7,0.06,0.07,2.17,0.6,3.12,0.41
287,수수죽,211.8,0.85,0,0.07,0.02,1.54,0,14.8,0.51
288,야채죽,200.7,1.18,194.8,0.12,0.1,1.9,14.2,34.94,0.51
289,잣죽,269.65,1.4,0,0.14,0.04,1.24,0,11.64,2.22
290,전복죽,249.55,1.15,1.79,0.11,0.05,1.15,0,5.14,1.98
291,"죽,율무죽",138.6,0.57,0,0.03,0.03,0,0,9.77,0
292,"죽,흰죽",216,0.63,0,0.06,0,0,0,3,0
293,"죽,흰죽,인스턴트",235.2,0.72,306,0.12,0.06,4.44,1.8,3.42,0.6
294,팥죽,301.8,4.22,0,0.34,0.12,2.05,0,339.05,0.81
295,호박죽,297.7,1.24,24.5,0.15,0.14,2.27,0,60.66,10.06
296,"스프,쇠고기스프",24,1.29,0,0,0.03,0.3,0,4.8,0
297,"스프,콩소메",21,2.73,59.7,6.42,0.15,2.7,0,74.7,3
298,"스프,크림스프,아스파라거스",72,0,3,0.03,0.06,0.6,0,0,0
299,"스프,쇠고기야채스프",63,0.33,21,0.03,0.03,0.6,0,9,0
300,"스프,양송이스프",114,0.09,0,0.33,0.12,0.6,0,4.2,0
301,감자국,76.2,0.77,9.86,0.08,0.06,1.97,16.24,11.38,0.02
302,감자당면국,69.49,0.32,3.61,0.05,0.02,0.8,13.41,8.91,0.02
303,감자미역국,56.76,0.48,3.01,0.05,0.06,1.2,9.25,48.98,1.05
304,감자수제비국,182.58,0.69,18.61,0.15,0.07,1.62,11.54,27.35,1
305,감자어묵국,90.61,0.4,6.94,0.05,0.03,1.07,9.63,15.32,0.63
306,감자호박국,49.76,0.44,30.76,0.07,0.07,1.18,12.74,24.26,0.63
307,건새우미역국,58.24,0.96,3.01,0.03,0.06,1,0.79,54.47,1.36
308,경단미역국,106.64,0.59,1.81,0.03,0.04,0.5,0.51,34.33,0.93
309,계란국,54.63,0.34,52.81,0.04,0.08,0.39,1.25,3.27,0.44
310,계란파국,80.05,0.4,58.81,0.05,0.09,0.6,3.29,5.84,1.08
311,김당면국,84.27,0.44,180.91,0.07,0.18,0.92,5.61,61.08,0.32
312,김치국,21.75,0.18,32.68,0.04,0.04,1,9.12,29.26,0.19
313,김치무국,24.52,0.19,21.32,0.04,0.03,0.87,9.04,18.89,0.24
314,김치수제비국,89.7,0.37,37.8,0.09,0.07,0.94,8.65,34.23,0.34
315,김치콩나물국,34.22,0.41,25.22,0.08,0.08,1.2,10.98,23.52,0.69
316,다시멸치미역국,28.48,0.38,3.01,0.02,0.06,1.26,0.79,55.17,0.74
317,당면국,140.81,0.9,48.01,0.05,0.07,1.88,6.36,6.22,0.61
318,대구국,81.33,0.52,98.76,0.11,0.16,1.64,9.84,33.03,1.16
319,대합미역국,40.33,0.54,3.02,0.02,0.09,1.93,0.88,56.63,0.53
320,대합찜국,78.15,0.75,39.52,0.06,0.1,3.15,9.39,17.73,0.87
321,동태국,72.01,0.34,134.54,0.11,0.11,1.38,7.19,17.45,0.93
322,두부계란탕,135.87,1.06,78.19,0.09,0.16,0.8,2.73,56.85,1.34
323,두부김치국,56.6,0.59,30.46,0.06,0.06,1.3,8.14,31.71,0.71
324,두부어묵새우젓국,85.9,0.68,6.47,0.05,0.04,0.72,2.03,12.1,0.86
325,떡국,439.18,1.27,74.51,0.08,0.14,3.88,1.9,17.42,0.56
326,떡어묵국,130.11,0.37,12.86,0.03,0.05,1.15,5.04,73.12,0.81
327,모시조개국,39.99,1.22,8.78,0.03,0.12,1.13,1.04,12,1.27
328,무국,77.37,0.7,18.16,0.06,0.08,1.55,12.7,63.84,0.34
329,무새우젓국,54.61,0.53,36.81,0.04,0.04,1.1,6.25,12.24,0.65
330,무채어묵국,84.46,0.33,10.01,0.03,0.03,1.16,8.79,7.82,0.73
331,미역국,94.26,0.8,7.02,0.04,0.1,1.53,1.42,65.03,1.9
332,버섯국,33.55,0.53,37.99,0.14,0.26,3.19,10.87,48.52,0.06
333,북어계란국,153.83,0.35,40.06,0.11,0.12,1.67,5.64,7.8,2.1
334,북어국,147.78,0.38,21.61,0.1,0.1,1.67,1.29,7.93,2.2
335,북어콩나물국,128.31,0.32,3.88,0.11,0.1,1.8,3.92,6.62,2.3
336,새우젓호박국,48.98,0.37,63.16,0.06,0.12,0.48,8.34,37.6,1.38
337,쇠고기국,82.22,0.94,8.38,0.07,0.18,3.05,6.69,38.92,0.03
338,쇠고기두부국,108.3,1.15,78.21,0.07,0.11,1.99,8.01,11.14,0.58
339,쇠고기무국,70.56,0.58,45.44,0.04,0.07,1.45,10.5,7.9,0.64
340,쇠고기콩나물국,73.19,0.72,25.7,0.06,0.09,1.5,7.42,6.58,1.03
341,어묵국,113.08,0.36,9.83,0.04,0.04,0.97,7.51,22.98,0.87
342,오징어국,77.58,0.93,168.17,0.06,0.09,2.14,8.76,20.1,1.82
343,오징어무국,61.52,0.76,130.97,0.05,0.08,2.01,10.79,13.78,1.66
344,유부국,90.6,0.76,18.62,0.04,0.06,1.28,8.98,9.02,1.26
345,조개국,69.93,0.63,42.32,0.03,0.03,0.79,11.48,11.24,1.47
346,조개살두부국,71.05,0.79,4.41,0.04,0.04,1.08,3.59,13.85,1.11
347,조개살배추국,68.49,0.65,88.62,0.04,0.05,1.16,22.31,43.2,0.79
348,참치김치국,33.3,0.19,30.46,0.05,0.07,2.63,8.1,24.38,0.41
349,참치미역국,62.94,0.43,6.02,0.03,0.09,2.92,1.5,65.35,2.23
350,콩나물국,43.23,0.38,5.31,0.05,0.06,0.73,4.99,5.21,1.33
351,콩나물무채국,24.55,0.3,14.99,0.04,0.05,0.72,8.51,6.07,0.51
352,토란국,67.21,3.13,10.15,0.07,0.06,1.67,10.33,38.13,0.61
353,표고버섯북어국,124.77,0.49,58.46,0.13,0.21,2.66,8.34,23.06,1.15
354,호박새우젓국,34.55,0.36,56.71,0.05,0.12,0.51,6.49,36.93,0.85
355,홍합무국,55.84,0.63,8.86,0.02,0.09,0.94,6.84,10.26,1.41
356,홍합미역국,60.54,0.89,3.61,0.03,0.14,1.27,2.13,70.55,1.83
357,감자고비된장국,86.15,0.7,21.48,0.07,0.07,1.43,12.44,22.78,1.34
358,감자된장국,72.12,0.45,6.46,0.07,0.04,1.58,14.54,16.27,0.33
359,감자두부된장국,99.35,0.81,9.86,0.08,0.07,1.49,15.64,23.18,0.65
360,건새우아욱국,77.96,1.26,932.53,0.12,0.19,1.65,39.54,96.16,1.41
361,근대된장국,44.01,0.51,362.81,0.05,0.11,0.95,12.73,16.28,1.67
362,근대조개국,57.6,0.69,310.11,0.05,0.1,0.83,10.59,17.3,1.8
363,꽃게된장국,139.6,1.35,35.72,0.08,0.26,3.54,14.43,32.88,2.05
364,냉이된장국,78.3,0.69,125.08,0.14,0.23,1.77,44.49,21.38,0.66
365,단배추된장국,83.51,0.81,24.58,0.07,0.1,2.13,24.09,42.11,0.39
366,달래된장국,73.21,0.52,259.58,0.1,0.14,1.42,29.8,16.79,0.62
367,두부된장국,99.5,0.77,40.58,0.07,0.07,1.53,7.04,28.49,1.06
368,시금치조개국,68.39,0.95,441.59,0.11,0.31,1.39,42.9,113.03,2.86
369,무된장국,48.93,0.27,28.41,0.04,0.04,1.12,11.89,12.91,0.35
370,미역된장국,52.87,0.54,12.19,0.03,0.09,1.59,2.55,71.24,0.87
371,바지락냉이토장국,63.11,0.68,157.76,0.14,0.28,1.58,52.77,21.88,0.4
372,배추된장국,49.66,0.41,9.22,0.04,0.05,1.31,23.86,40.06,0.5
373,솎음배추국,51.81,0.35,74.11,0.05,0.06,1.57,24.77,39.99,0.5
374,시금치된장국,44.55,0.36,319.18,0.08,0.2,0.83,30.83,80.12,1.76
375,시래기된장국,49.9,0.4,156.27,0.04,0.07,1.16,34.83,19.67,0.9
376,쑥국,52.8,0.47,149.61,0.06,0.09,1.23,8.89,74.7,1.2
377,아욱국,57.28,0.61,818.23,0.1,0.16,1.77,34.74,84.96,1.18
378,열무감자국,59.23,0.4,64.86,0.08,0.11,1.59,25.33,15,0.51
379,열무두부국,71.06,0.56,63.26,0.07,0.1,1.55,17.64,15.65,0.77
380,왜된장국,68.95,0.93,6.01,0.03,0.04,0.48,1.29,11.97,0.5
381,우거지국,63.39,0.63,11.37,0.05,0.06,1.39,15.64,65.25,0.36
382,재치조개국,95.61,1.33,38.58,0.07,0.15,1.8,1.84,25.54,1.51
383,조개된장국,73.75,0.59,59.38,0.07,0.14,1.09,11.51,38.87,0.91
384,콩나물된장국,49.79,0.45,4.09,0.06,0.08,0.98,4.9,16.38,0.85
385,해물된장국,110.55,1.6,44.42,0.05,0.15,2.3,4.95,29.49,2.47
386,호박달래찌개,88.43,0.66,85.12,0.08,0.11,1.17,15.88,31.02,0.88
387,호박된장찌개,116.56,0.88,69.01,0.12,0.19,2.43,17.14,59.77,1.41
388,호박잎된장국,55.62,0.4,264.02,0.09,0.15,1.47,15.5,53,0.85
389,홍합우거지국,49.94,0.52,7.82,0.04,0.08,1.06,21.1,41.03,0.55
390,갈비탕,354.23,4.5,49.73,0.13,0.31,7.08,11.38,13.81,0.18
391,감자탕,175.98,1.35,82.66,0.37,0.16,4.16,18.44,17.95,0.45
392,곰갈비탕,389.93,4.63,30.13,0.15,0.33,7.13,5.48,16.55,0.03
393,곰탕,186.5,1.72,23.82,0.1,0.18,3.47,6.78,11.31,0.02
394,꼬리곰탕,238.53,3.96,21.23,0.08,0.14,4.46,2.68,6.26,0.03
395,꽃게탕,120.01,1.27,97.44,0.08,0.24,3.56,11.44,22.41,1.73
396,내장탕,173.55,2.55,218.83,0.1,0.21,3.2,23.33,37.92,0.58
397,닭계장,168.31,1.77,149.12,0.16,0.23,5.57,11.58,47.35,0.67
398,닭곰탕,129.11,1.5,45.94,0.1,0.11,4.8,10.58,10.62,0.02
399,닭무국,122.01,1.43,42.69,0.09,0.11,4.56,10.03,10.54,0.02
400,닭백숙,315.51,2.34,50.69,0.17,0.18,6.57,7.85,10.32,0.07
401,도가니탕,317.83,4.26,14.78,0.12,0.2,4.75,3.23,13.62,0.03
402,돈육개장,191.25,1.56,105.01,0.43,0.21,4.51,11.08,50.05,1.01
403,두부탕,73.91,0.77,3.35,0.05,0.05,1.04,4.09,12.98,0.62
404,보신탕,209.63,2.21,206.26,0.13,0.2,2.05,18.45,74.11,0.98
405,삼계탕,900.05,10.17,254.72,0.53,0.73,32.96,13.15,28.6,0.13
406,선지곱창국,114.01,2.6,60.37,0.24,0.23,7.95,13.04,33.21,0.91
407,선지국,88.69,2.23,138.66,0.22,0.23,8.9,19.29,37.56,0.2
408,설렁탕,178.73,2.36,17.69,0.1,0.19,3.57,7.02,11.81,0.03
409,쇠고기두부탕,97.89,1.1,14.88,0.06,0.09,2.04,7.83,12,0.44
410,쇠고기탕국,95.49,2.14,12.98,0.07,0.11,2.55,5.03,11.33,0.44
411,순대국,152.43,1.92,59.08,0.15,0.18,4.61,7.51,24.86,0.89
412,오리탕,227.45,1.91,18.37,0.36,0.41,4.77,7.9,25.3,0.93
413,육개장,247.12,2,347.36,0.17,0.32,4.56,27.27,50.03,1.51
414,조개탕,59.97,1.28,18.92,0.07,0.13,0.95,3.08,29.14,1.48
415,짬뽕국,173.8,1.26,344.72,0.21,0.18,3.26,13.43,36.91,6.91
416,추어탕,122.51,1.65,284.06,0.12,0.57,2.98,20.27,89.66,2.23
417,해물탕,110.39,1.28,151.22,0.08,0.17,2.77,8.83,28.94,2.5
418,가지냉국,27.18,0.36,61.82,0.04,0.04,0.64,4.72,15.82,0.12
419,미역냉국,46.82,0.37,75.82,0.04,0.08,0.8,5.86,48.76,0.46
420,미역오이냉국,29.07,0.4,67.71,0.05,0.07,0.61,12.91,40.76,0.33
421,가자미매운탕,141.64,0.64,186.12,0.21,0.3,4.19,14.78,28.69,1.39
422,갈치찌개,157.67,0.59,154.67,0.14,0.16,3.12,7.63,28.7,1.31
423,고등어매운탕,242.89,0.78,206.72,0.15,0.43,6.31,11.98,31.04,1.84
424,고등어찌개,240.64,0.75,177.37,0.15,0.42,6.25,10.18,22.94,1.74
425,굴두부백탕,92.29,36.86,74.21,0.15,0.18,1.62,11.21,32.01,1.22
426,굴두부찌개,117.92,36.91,148.76,0.16,0.2,2.21,8.64,39.45,1.41
427,긴따루찌개,157.32,0.95,1036.62,0.1,0.15,1.92,8.73,38.36,2.21
428,꽁치찌개,249.72,0.95,195.22,0.1,0.32,6.05,9.43,38.36,2.21
429,낙지찌개,133.53,2,267.67,0.11,0.2,2.72,15.13,55.02,3.34
430,대구매운탕,141.16,0.94,250.07,0.18,0.26,2.75,15.32,68.7,2.2
431,대구지리,98.74,0.64,64,0.12,0.17,1.69,8.93,93.92,1.33
432,대구탕,89.95,0.55,175.19,0.12,0.18,1.89,15.06,28.96,1.18
433,도미찌개,132.22,0.76,173.37,0.15,0.23,3.01,8.38,33.55,1.52
434,동태매운탕,106.42,0.51,202.51,0.15,0.17,1.95,11.34,40.4,1.49
435,동태찌개,137.22,0.66,181.8,0.17,0.2,2.19,8.65,35.57,1.51
436,망둥어찌개,117.52,0.65,174.07,0.14,0.14,2.59,8.38,38.75,1.51
437,메기매운탕,170.8,0.7,222.71,0.3,0.17,3.04,5.09,40.37,1.67
438,명란알찌개,110.83,1.23,59.78,0.22,0.26,3.52,3.72,12.29,3.76
439,미꾸라지매운탕,152.74,1.79,311.71,0.16,0.57,3.12,8.99,92.76,2.84
440,민어매운탕,150.36,0.86,203.4,0.15,0.15,3.09,8.99,44.68,1.6
441,병어찌개,179.82,0.87,216.07,0.19,0.17,2.24,7.68,43.58,1.51
442,복매운탕,132.19,0.97,196.01,0.13,0.22,4.25,9.79,47.91,1.19
443,복지리,82.5,0.55,55.6,0.08,0.15,3.31,7.55,92.38,0.42
444,붕어매운탕,152.84,3.29,192.07,0.36,0.22,3.35,7.73,47.56,1.94
445,삼치찌개,189.62,0.75,195.07,0.11,0.28,4.27,7.68,33.78,2.21
446,쏘가리매운탕,156.04,0.86,219.91,0.16,0.26,3.55,11.24,55.31,1.99
447,아구매운탕,115.24,0.88,231.28,0.14,0.18,2.24,13.17,35.78,1.75
448,알탕,139.15,1.51,155.72,0.27,0.33,4.83,12.44,22.37,4.6
449,어묵김치찌개,129.73,0.58,34.11,0.09,0.07,1.22,18.09,41,2.72
450,연어찌개,180.72,0.92,157.07,0.26,0.15,6.49,12.16,20.81,1.34
451,오징어찌개,119.4,1.32,220.66,0.09,0.11,2.83,13.69,35.23,2.64
452,옥도미매운탕,141.02,1.05,154.94,0.09,0.1,2.07,12.12,21.65,2.03
453,우럭매운탕,118.22,2.09,172.76,0.08,0.18,2.74,12.09,43.63,1.92
454,임연수찌개,180.27,0.62,153.97,0.15,0.16,3.61,6.93,26.49,2.11
455,잉어매운탕,133.42,1.07,193.56,0.35,0.19,4.23,12.09,56.83,1.66
456,적어매운탕,121.22,0.81,187.56,0.12,0.18,3.12,14.99,56.66,2.16
457,조기매운탕,172.99,0.68,238.46,0.13,0.28,2.09,17.14,40.37,1.64
458,조기찌개,165.29,0.62,207.47,0.12,0.28,1.95,12.18,45.43,1.59
459,참치김치찌개,67.63,0.32,36.57,0.07,0.09,4.22,14.55,33.87,1.87
460,참치두부찌개,114.81,0.7,151.91,0.1,0.17,7.41,3.89,27.74,1.96
461,참치찌개,82.84,0.37,106.22,0.07,0.13,7.08,2.39,7.21,1.37
462,참치탕,106.8,0.5,50.6,0.1,0.15,7.21,15.11,41.78,1.97
463,청어찌개,233.9,0.8,238.69,0.09,0.27,3.35,7.26,32.75,2.91
464,해물잡탕,101.62,1.93,259.77,0.1,0.19,3.17,8.78,19.45,2.02
465,닭매운탕,181.04,1.59,430.58,0.14,0.17,5.52,10.12,22.13,0.88
466,돈육감자탕,162.21,1.07,143.83,0.29,0.14,3.55,21.32,28.53,0.3
467,돈육김치찌개,112.5,0.93,36.77,0.23,0.1,2.46,11.03,36.59,0.31
468,돼지고기찌개,222.54,1.71,393.86,0.44,0.2,5.29,15.84,40.8,0.54
469,부대고기찌개,353.55,1.86,226.02,0.49,0.46,6.05,12.43,38.36,1.06
470,쇠고기두부찌개,127.9,1.33,42.98,0.08,0.11,2.58,6.57,16.94,0.54
471,쇠고기찌개,137.54,1.41,96.23,0.12,0.14,3.12,17.6,33.1,0.7
472,햄김치찌개,114.52,0.91,60.23,0.23,0.11,3.57,14.68,41.93,0.16
473,햄섞어찌개,273.55,1.27,67.06,0.33,0.2,3.35,17.29,51.74,0.41
474,감자찌개,150.26,1.09,139.52,0.34,0.16,2.59,39.93,35.68,1.08
475,냉이된장찌개,77.09,0.53,175.66,0.12,0.2,1.49,41.49,22.51,1.16
476,달래된장찌개,138.61,1.15,179.21,0.13,0.22,2.8,24.29,218.07,8.92
477,된장찌개,95.25,0.64,24.82,0.08,0.08,1.81,14.48,29.51,0.95
478,두부된장찌개,100.7,0.75,47.31,0.08,0.09,1.21,14.94,32.48,1.15
479,미더덕된장찌개,73.35,0.51,41.46,0.07,0.14,0.92,10.34,38.44,1.75
480,쇠고기청국장찌개,119.05,1.58,39.87,0.09,0.15,1.86,12.63,35.54,0.85
481,왜된장버섯탕,157.88,2.2,40.81,0.17,0.33,5.66,2.27,43.96,0.23
482,우거지찌개,135.12,1.17,56.76,0.07,0.1,2.32,3.34,35.84,1.82
483,우렁된장찌개,96.2,1.2,82.66,0.13,0.2,1.68,12.14,34.13,1.3
484,청국장찌개,116.93,1.41,95.24,0.1,0.15,1.57,15.84,65.82,1.25
485,곱창전골,214.45,1.72,173.07,0.11,0.27,6.98,9.23,55.4,1.02
486,국수전골,174.76,1.22,195.79,0.1,0.2,3.29,8.71,46.04,0.93
487,김치전골,172.24,1.14,431.31,0.27,0.19,2.76,25.54,75.9,1.34
488,불낙전골,247.98,2.51,256.05,0.14,0.3,4.34,12.2,63.46,4.41
489,쇠고기전골(스끼야끼),146.12,1.24,197.01,0.09,0.2,3.35,14.39,53.59,0.94
490,양송이버섯전골,111.51,1.16,169.77,0.11,0.27,3.21,10.23,30.75,0.64
491,징기스칸,214.66,1.95,349.11,0.16,0.43,5.16,14.71,64.85,1.33
492,표고버섯전골,113.63,1.15,199.8,0.11,0.21,3.8,14.5,40.79,0.98
493,양송이버섯찌개,88.74,1.19,207.12,0.13,0.34,3.83,18.68,44.84,0.18
494,섞어찌개,119.85,1.12,62.81,0.12,0.14,2.3,13.59,30.1,0.87
495,순두부찌개,208.08,1.41,145.75,0.22,0.24,2.08,6.43,35.34,2.01
496,연두부찌개,96.88,0.74,213.46,0.09,0.13,1.74,15.14,32.01,1.81
497,콩비지찌개,170.12,1.13,64.92,0.26,0.11,3.05,9.18,39.69,1.14
498,가오리찜,104.21,0.6,211.02,0.1,0.17,4,15.68,36.81,1.8
499,가자미찜,135.91,0.61,156.72,0.18,0.27,4.01,10.08,35.21,1.75
500,갈치찜,147.76,0.55,173.92,0.14,0.16,3.19,10.58,36.93,1.75
501,고등어찜,235.31,0.8,179.12,0.14,0.42,6.25,9.38,35.77,2.45
502,꼬막찜,127.19,1.43,217.85,0.07,0.21,2.6,4.85,23.07,2.34
503,꽃게찜,188.15,2.16,16.6,0.08,0.37,5.81,4.8,23.5,3.16
504,대구찜,108.61,0.65,159.52,0.13,0.19,2.12,10.08,36.5,1.75
505,대합찜,243.08,2.23,198.2,0.09,0.31,10.13,4.05,26.74,0.71
506,도미찜,112.81,0.62,163.72,0.13,0.21,2.96,9.38,32.09,1.75
507,동태찜,113.01,0.48,172.11,0.15,0.19,2.12,9.29,34.06,1.75
508,망둥어찜,98.11,0.51,164.42,0.13,0.13,2.54,9.38,37.48,1.75
509,미더덕찜,87.67,1.06,108.32,0.13,0.22,1.62,10.8,46.65,3.2
510,바지락찜,114.48,1.21,193.2,0.05,0.2,2.39,4.85,22.33,1.51
511,북어찜,156.05,0.44,122.74,0.12,0.12,2.27,1.53,14.06,1.58
512,아구찜,99.08,0.82,185.42,0.13,0.18,2.18,11.83,34.57,2.15
513,알찜,73.62,0.65,36.1,0.42,0.23,0.68,7,9.68,4.01
514,오징어순대,95.83,1.26,98.11,0.1,0.07,2.33,11.15,37.18,2.88
515,오징어찜,81.04,1.12,64.62,0.08,0.11,2.26,6.58,29.53,2.92
516,우럭찜,113.71,2.13,162.31,0.07,0.18,2.82,9.99,42.95,2.45
517,자반고등어찜,182.27,0.57,26.72,0.09,0.3,5.02,5.57,13.94,1.55
518,조기찜,139.03,0.43,161.62,0.1,0.24,1.63,9.33,41.43,1.71
519,참치계란찜,87.49,0.58,84.15,0.07,0.14,4.63,0.44,6.48,1.03
520,홍어찜,108.88,0.6,207.62,0.1,0.17,2.34,18.73,36.82,1.85
521,갈비찜,304,3.86,272.3,0.13,0.28,6.3,9,28.03,0.17
522,닭찜,200.05,1.69,287.63,0.13,0.2,6.05,12.49,37.49,2.21
523,도가니수육,134.51,2.04,13.44,0.06,0.1,2.85,2.1,3.79,0.01
524,돼지갈비고구마찜,333.05,2.7,149.04,0.81,0.22,6.89,25.57,52.49,0.89
525,돼지갈비찜,269.79,2.6,47.56,0.79,0.2,6.84,11.04,17.05,0.52
526,돼지족발찜,308.75,1.35,52.58,0.18,0.17,2.74,1.14,12.36,0.57
527,쇠갈비떡찜,279.16,2.47,132.94,0.09,0.22,4.82,2.58,31.77,0.16
528,쇠갈비찜,284.07,3.65,36.33,0.09,0.22,5.39,4.7,8.99,0.24
529,우설찜,125.76,1.81,32.44,0.06,0.12,1.95,2.25,13.77,0.25
530,편육,88.72,2.85,26.41,0.06,0.13,3.38,1.83,4.35,0.02
531,깻잎찜,26.83,0.2,270.5,0.04,0.08,0.69,8.16,14.71,0.71
532,애호박찜,48.46,0.23,58.52,0.07,0.05,0.62,26.88,11.06,1.77
533,양배추찜,35.41,0.17,41.12,0.03,0.05,0.44,16.08,32.65,0.42
534,호박잎찜,19.03,0.1,52.82,0.01,0.03,0.27,2.07,11.88,0.37
535,계란찜,92.5,0.51,206.1,0.06,0.14,0.22,1.08,3.7,0.82
536,두부찜,82.82,0.61,100.05,0.05,0.08,0.44,1.5,10.03,1.01
537,순대,133.02,1.58,49.1,0.05,0.09,1.06,2.5,12.65,0.05
538,가리비구이,91.66,2.14,36.03,0.05,0.28,1.49,1.57,15.58,1.44
539,가자미구이(fried flounder),116.82,0.34,5.6,0.13,0.18,3.01,1.4,3.69,3.8
540,갈치구이,101.5,0.26,16.8,0.08,0.07,2.17,0.7,4.79,0.72
541,고등어구이,189.7,0.53,28,0.08,0.34,5.25,0.7,4.44,1.42
542,굴비구이,124.6,0.42,35,0.04,0.13,0.77,0.7,38.5,2.8
543,긴따루구이,91,0.52,869.4,0.03,0.05,0.84,0,4.86,1.42
544,꽁치구이,183.4,0.52,28,0.02,0.21,4.97,0.7,4.86,1.42
545,넙치구이,72.1,0.23,5.6,0.07,0.14,4.55,0.7,3.88,0.72
546,도미구이,67.2,0.35,12.6,0.08,0.13,1.96,0.7,0.66,0.72
547,"명태,노가리구이",92.83,0.26,31.12,0.05,0.08,1.98,0,8.47,0.96
548,민어구이,72.8,0.35,18.2,0.07,0.04,1.82,0.7,10.88,0.72
549,뱅어포구이,93.59,0.45,97.98,0.06,0.07,0.98,1.67,19.28,1.5
550,병어고추장구이,173.27,0.5,96.61,0.14,0.1,1.47,0.57,18.34,3.99
551,병어구이,114.8,0.45,55.3,0.12,0.07,1.19,0,10.88,0.72
552,볼락구이,78.4,0.3,7,0.04,0.07,1.19,0.7,6.68,1.42
553,북어양념구이,138.6,0.21,73.72,0.11,0.1,1.98,0.58,12.36,1.61
554,삼치구이,124.6,0.33,34.3,0.04,0.18,3.22,0,1.08,1.42
555,삼치양념구이,170.56,0.54,159.31,0.08,0.24,3.97,4.74,10.77,1.72
556,연어구이,112.7,0.42,39.2,0.2,0.07,5.46,0.7,0.73,0.72
557,오징어양념구이,102.83,1.02,56.67,0.05,0.07,2.29,2.46,15.09,2.46
558,임연수구이,116.2,0.21,16.1,0.08,0.07,2.59,0,1.08,1.42
559,장어구이,223.62,1.46,811.12,0.5,0.38,3.69,1.76,19.24,3.73
560,적어구이,60.9,0.37,0,0.01,0.04,1.82,0,6.68,0.72
561,전어구이,142.8,0.48,4.2,0.01,0.19,2.38,0,1.57,1.42
562,조기구이,96.6,0.18,10.5,0.04,0.16,0.7,0.7,10.88,0.72
563,조기양념구이,109.55,0.21,12.91,0.05,0.17,0.77,1.27,11.83,1.04
564,쥐포구이,59.76,2.66,0,0.01,0.01,0.41,0,8.89,1.62
565,참치구이,79.8,0.35,6.3,0.06,0.1,7.91,1.4,2.62,0.02
566,청어구이,169.4,0.39,80.5,0.02,0.18,2.31,0,0.38,2.12
567,가자미구이(Grilled Flounder),90.3,0.34,5.6,0.13,0.18,3.01,1.4,3.69,0.71
568,갈치구이(Panfried Flounder),128.02,0.26,16.8,0.08,0.07,2.17,0.7,4.6,3.8
569,고등어구이(Panfried~,222.82,0.54,28,0.09,0.34,5.27,0.7,4.76,4.5
570,굴비구이(Panfried~,151.12,0.42,35,0.04,0.13,0.77,0.7,38.5,5.89
571,긴따루구이(Panfried~,117.52,0.52,869.4,0.03,0.05,0.84,0,4.67,4.5
572,꽁치구이(Panfried~,209.92,0.52,28,0.02,0.21,4.97,0.7,4.67,4.5
573,넙치구이(Panfried~,98.62,0.23,5.6,0.07,0.14,4.55,0.7,3.69,3.8
574,도미구이(Panfried~,93.72,0.34,12.6,0.08,0.13,1.96,0.7,0.47,3.8
575,민어구이(Pantried~,99.32,0.34,18.2,0.07,0.04,1.82,0.7,10.69,3.8
576,병어구이(Pantried~,141.32,0.45,55.3,0.12,0.07,1.19,0,10.69,3.8
577,볼락구이(Pantried~,104.92,0.3,7,0.04,0.07,1.19,0.7,6.49,4.5
578,삼치구이(Pantried~,151.12,0.33,34.3,0.04,0.18,3.22,0,0.89,4.5
579,임연수구이(Pantried~,142.72,0.21,16.1,0.08,0.07,2.59,0,0.89,4.5
580,적어구이(Pantried~,87.42,0.37,0,0.01,0.04,1.82,0,6.49,3.8
581,전어구이(Pantried~,169.32,0.48,4.2,0.01,0.19,2.38,0,1.38,4.5
582,조기구이(Pantried~,123.12,0.18,10.5,0.04,0.16,0.7,0.7,10.69,3.8
583,청어구이(Pantried~,195.92,0.39,80.5,0.02,0.18,2.31,0,0.19,5.2
584,갈매기살구이,93.28,1.15,4.2,0.04,0.11,2.52,0,2.32,2.07
585,갈비구이,314.83,3.68,15.21,0.09,0.21,5.36,3.81,10.66,0.97
586,내장구이,109.66,1.51,50.72,0.05,0.09,1.05,3.36,13.89,1.09
587,닭갈비,194.66,1.55,306.08,0.11,0.16,5.11,17.09,32.46,1.28
588,닭불고기,172.73,1.45,133.84,0.09,0.14,4.88,4.43,11.89,1.01
589,돼지고기구이,180.81,1.2,92.94,0.37,0.14,3.93,3.79,13.56,1.25
590,돼지불고기,214.9,1.3,213.29,0.39,0.15,4.08,10.92,17.49,0.8
591,멧돼지구이,155.15,1.53,80.39,0.27,0.11,2.94,7.12,11.19,0.8
592,불고기,169.66,1.25,10.83,0.09,0.16,3.38,5.48,10.34,1
593,삼겹살구이,207.44,0.9,3.6,0.41,0.18,2.64,0.6,0.52,1.04
594,쇠고기산적,215.86,1.4,437.2,0.11,0.23,3.15,8.7,13.18,5.68
595,쇠등심구이,143.24,1.71,7.23,0.05,0.12,3.56,0.87,2.5,1.04
596,오리고기로스,81.93,1.15,13.31,0.22,0.27,3.19,3.6,15.15,0.61
597,칠면조구이,87.93,1.49,0.11,0.04,0.15,4.21,1.2,5.85,0.01
598,통닭,105.33,1.31,33.11,0.06,0.09,4.33,1.2,3.15,0.01
599,햄구이,52.4,0.44,0,0.06,0.08,2.8,17.2,3.6,0
600,감자구이,71.5,0.53,0,0.1,0.04,1.69,27.3,17.39,0.01
601,김구이,13.88,0.1,75,0.02,0.06,0.21,1.86,27.38,1.12
602,더덕구이,81.96,0.17,34.73,0.09,0.13,0.57,3.81,9.88,0.54
603,도라지구이,95.96,0.17,34.73,0.07,0.09,0.52,6.81,9.88,0.54
604,두부양념구이,142.61,0.74,73.22,0.06,0.07,0.96,1.78,15.83,6.39
605,떡고치구이,283.5,0.41,21.85,0.03,0.03,1.97,0.48,5.13,0.7
606,옥수수구이,140,0.9,9,0.25,0.11,2.6,4,11.1,1
607,우엉구이,103.19,0.22,21.86,0.03,0.06,0.51,2.37,18.56,6
608,굴전,187.62,72.85,62.98,0.2,0.26,2.11,2.82,12.52,6.06
609,맛살전,110.62,0.96,26.98,0.09,0.42,1.28,0.42,10.99,6.86
610,새우전,168.72,0.97,18.18,0.03,0.1,2.05,1.22,4.99,6.06
611,어묵전,142.31,0.38,15.62,0.04,0.05,0.22,0,4.19,5.76
612,오징어옥수수전,215.7,0.86,29.1,0.11,0.07,1.57,5,26.67,6.46
613,전유어(동태전),160.21,0.45,37.52,0.11,0.11,0.9,0,6.02,6.06
614,조개파전,193.23,1.04,143.11,0.14,0.11,0.93,13.7,24.94,6.27
615,해물채소전,230,2.05,45.2,0.11,0.19,3.06,19.9,47.49,8.06
616,해물파전,213.35,1.41,115.6,0.13,0.12,1.96,13.9,23.84,7.16
617,홍합쑥갓전,204,1.48,122.8,0.1,0.25,1.88,5.4,48.23,7.36
618,홍합전,186.3,1.44,44.1,0.08,0.21,1.77,4.5,19.4,6.96
619,돼지고기완자전,251.93,1.45,94.97,0.36,0.17,1.99,2.39,13.33,5.67
620,쇠간전,171.21,2.57,5714.42,0.19,1.39,8.9,12,151.23,5.36
621,쇠고기완자전,233.58,1.68,42.05,0.1,0.15,2.77,3.29,13.59,5.81
622,천엽전,123.21,2,45.62,0.06,0.2,0.92,0,10.23,5.36
623,가지전,104.2,0.37,19.8,0.05,0.04,0.4,2.8,14.32,5.27
624,감자전,142.15,0.51,23.4,0.1,0.07,1.1,15.75,13.44,5.31
625,김치빈대떡,216.34,0.95,25.4,0.2,0.1,1.94,8.4,104.82,5.64
626,김치전,152.6,0.58,53.16,0.11,0.1,1.07,13.25,38.62,5.58
627,깻잎전,171.7,1.24,188.9,0.09,0.13,1.41,5.9,16.19,5.76
628,녹두전(빈대떡),194.64,0.83,15.4,0.17,0.08,1.68,4.5,84.17,6.69
629,더덕산적,171.2,1.44,3.64,0.07,0.12,1.85,2.58,4.93,10.65
630,두릅적,135.84,1.25,68.3,0.11,0.21,2.23,12.3,50.42,7.86
631,두부빈대떡,231.15,1.34,154.81,0.25,0.13,2.5,4.49,73.39,5.91
632,버섯전,137.1,0.55,15.6,0.16,0.22,2.49,1.2,17.94,5.26
633,부추전,190.25,1.2,329.9,0.25,0.14,1.83,30.9,39.84,7.31
634,부추파전,151.4,0.57,294.8,0.23,0.08,0.44,21.2,33.74,5.86
635,야채전,151.45,0.44,305.6,0.1,0.08,0.94,21.3,21.86,5.81
636,양파전,120.44,0.46,17.3,0.05,0.05,0.68,4.2,9.91,6.29
637,연근전,110,0.21,15.6,0.08,0.03,0.22,28.5,8.29,5.26
638,파전,205.3,1.04,161.35,0.12,0.13,1.26,14.05,31.27,6.16
639,풋고추표고전,200.23,1.06,58.81,0.14,0.22,2.68,22.57,36.96,6.27
640,호박전,109.88,0.36,109.46,0.08,0.16,0.12,7.92,36.26,6.08
641,화양적,210.96,1.88,436.94,0.14,0.31,3.88,9.77,48.42,5.79
642,"계란,스크램블드에그",122.35,0.49,101.7,0.05,0.15,0.06,0.1,2.75,0.61
643,"계란,스크램블드에그(패스트푸드)",106,0.85,134,0.04,0.26,0.1,1.5,28,1
644,"계란,오믈렛",169.61,0.72,84.65,0.1,0.2,0.69,1.3,6.89,5.71
645,"계란,햄오믈렛",158.96,0.86,179.7,0.16,0.14,1.91,3.68,15.65,5.56
646,계란말이,112.1,0.51,163.02,0.06,0.14,0.15,3.08,5.82,3.6
647,계란채소말이,113.27,0.49,206.9,0.06,0.14,0.19,4.05,5.67,3.65
648,계란햄말이,130.02,0.65,160.4,0.12,0.21,0.97,2.38,32.27,3.7
649,계란후라이,96.68,0.45,78,0.05,0.13,0.05,0,2.35,2.56
650,햄부침,178.01,0.72,31.22,0.12,0.14,2.99,17.2,8.41,5.35
651,두부부침,107.4,0.64,0,0.04,0.03,0.56,0,12.19,5.96
652,두부전,139.7,0.77,15.6,0.06,0.06,0.63,0,13.95,6.06
653,건꼴뚜기볶음,119.57,2.04,19.45,0.04,0.04,1.49,0.4,10.63,9.61
654,건새우볶음,107.01,1.4,11.68,0.04,0.03,1.24,0.09,4.29,3.22
655,건새우케찹볶음,112.86,1.43,15.88,0.05,0.03,1.3,1.04,9,3.32
656,고추멸치볶음,113.11,0.28,273.91,0.07,0.1,1.43,18.54,10.51,4.41
657,낙지볶음,134.98,1.31,243.13,0.07,0.12,1.71,16.45,32.19,7.49
658,마늘쫑어묵볶음,126.34,0.66,18.81,0.12,0.1,0.44,22.45,5.17,3.55
659,멸치야채볶음,120.89,0.37,131.7,0.05,0.04,1.5,7.1,13.43,6.18
660,문어볶음,149.2,2.2,286.56,0.09,0.19,2.42,16.82,42.96,6.27
661,뱅어포볶음,85.63,0.34,22.06,0.03,0.03,0.54,3.69,10.41,3.34
662,북어볶음,120.03,0.14,19.46,0.07,0.06,1.27,0.09,7,3.95
663,어묵볶음,128.44,0.38,256.71,0.05,0.04,0.74,7.19,9.58,3.71
664,어묵양파볶음,132.73,0.27,3.19,0.03,0.02,0.35,3.03,7.27,3.76
665,오징어떡볶음,146.76,0.77,185.37,0.07,0.07,2.16,8.84,27.29,1.51
666,오징어버섯볶음,103.14,0.97,208.96,0.17,0.18,3.37,13.89,36.4,5.12
667,오징어볶음,153.7,0.89,317.68,0.1,0.15,2.4,17.02,41.91,7.2
668,오징어어묵볶음,155.2,0.86,187.63,0.06,0.08,1.96,6.56,23.48,4.17
669,오징어채볶음,128.04,1.05,31.12,0.04,0.05,2.26,0,16.1,4.01
670,오징어해물볶음,126.4,1.15,107.75,0.05,0.14,2.31,4.52,38.94,7.52
671,잔멸치볶음,88.48,0.24,5.21,0.03,0.03,1.21,7.29,7.39,1.92
672,잔멸치소세지볶음,146.89,0.5,67.51,0.08,0.06,1.85,5.89,6.95,4.27
673,쥐포볶음,115.07,2.72,19.45,0.02,0.02,0.59,0,13.29,4.83
674,참치김치볶음,101.31,0.28,21.79,0.06,0.09,4.76,6.87,21.14,5.95
675,참치야채볶음,111.31,0.31,82.77,0.05,0.07,5.12,16.48,23.46,5.74
676,호박홍합볶음,75.76,0.58,186.76,0.07,0.17,0.95,8.59,42.53,4.31
677,곱창볶음,166.93,1.76,82.07,0.13,0.18,3.18,4.03,16.14,5.25
678,김치소세지볶음,127.5,0.58,30.05,0.09,0.06,1.48,11.7,30.17,5.15
679,닭고추장볶음,232.57,1.65,323.43,0.15,0.14,5.48,14.73,22.16,5.66
680,닭떡볶음,260.98,1.56,207.66,0.1,0.13,5.41,3.92,15.23,3.34
681,닭볶음,174.01,1.56,303.05,0.12,0.14,5.29,13.23,14.53,3.24
682,닭살야채볶음,154.6,0.73,268.23,0.1,0.09,6.55,22.42,17.74,5.4
683,돈육두루치기,225.08,1.24,188.89,0.38,0.15,3.98,9.36,26.44,3.47
684,돼지고기고추장볶음,228.4,1.23,47.27,0.38,0.13,3.79,4.2,15.28,3.63
685,돼지고기김치볶음,154.7,0.84,47.2,0.26,0.11,2.78,9.28,26.94,5.25
686,돼지고기볶음,236.49,1.29,83.64,0.39,0.16,4.08,13.42,34.53,3.66
687,돼지고기야채볶음,206.19,1.24,158.03,0.35,0.2,4.28,13.71,50.5,3.38
688,돼지곱창볶음,198.44,1.31,101.09,0.38,0.2,4.88,12.62,38.77,0.68
689,베이컨볶음,161.07,0.88,44.94,0.23,0.08,2.25,22.92,24.17,0.77
690,소간야채볶음,125.86,2.14,5057.96,0.18,1.17,7.99,22.68,144.08,3.39
691,소세지야채볶음,166.32,0.9,206.32,0.12,0.08,2.12,13.36,25.86,3.35
692,쇠고기고추장볶음,139.68,1.72,52.13,0.09,0.15,3.96,4.09,14.2,0.51
693,쇠고기마늘볶음,191.91,1.84,165.2,0.08,0.16,3.78,10.6,13.06,5.63
694,쇠고기버섯볶음,185.17,1.64,140.81,0.13,0.18,4.25,7.33,9.7,5.4
695,쇠고기볶음,166.41,1.8,142.67,0.06,0.13,3.8,6.59,8.92,2.18
696,쇠고기야채볶음,175.73,1.73,205.91,0.1,0.24,4.37,14.89,26.8,1.09
697,쇠고기오이볶음,104.75,1,20.88,0.05,0.09,1.95,7.03,6.95,3.13
698,쇠고기표고볶음,186.45,1.91,10.41,0.07,0.17,4.53,1.99,16.11,3.5
699,철판구이볶음,151.53,1.31,147.46,0.14,0.21,4.09,22.44,28.5,3.27
700,칠면조볶음,143.3,1.74,85.46,0.15,0.25,5.69,5.12,17.13,3.23
701,햄김치볶음,199.44,0.7,29.8,0.18,0.11,1.63,7.52,23.08,5.24
702,햄야채볶음,243.61,1.01,134.56,0.22,0.19,2.89,14.86,38.08,5.54
703,가지볶음,50.35,0.3,6.63,0.03,0.02,0.38,3.46,12.9,2.55
704,감자야채볶음,89.96,0.31,137.41,0.06,0.04,0.89,18.99,13.57,5.42
705,감자어묵볶음,147.57,0.28,2.12,0.03,0.03,0.63,6.66,6.59,5.74
706,감자채볶음,97.75,0.38,130.9,0.08,0.03,1.21,25.15,15.57,5.26
707,감자풋고추볶음,103.43,0.41,16.43,0.08,0.04,1.15,28.38,14.1,5.43
708,감자햄볶음,152.32,0.58,3.22,0.13,0.06,1.48,16.25,11.9,5.22
709,고구마줄기볶음,48.19,0.38,6.75,0.05,0.02,0.32,7.38,64.42,6.11
710,고비볶음,55.9,0.27,42.34,0.03,0.06,0.87,7.34,16.03,3.33
711,고사리볶음,68.26,0.38,24.03,0.05,0.07,0.24,16.5,22.9,5.84
712,고춧잎볶음,83.25,0.85,534.82,0.14,0.23,1.71,57.68,64.12,6.28
713,근대볶음,54.22,0.4,355.62,0.05,0.1,0.4,12.18,11.88,4.81
714,김치볶음,110.32,0.49,32.99,0.15,0.07,1.65,9.83,30.16,5.33
715,깻잎나물볶음,66.05,0.43,1087.13,0.07,0.2,0.86,39.48,64.78,6.23
716,느타리버섯볶음,54.43,0.51,127,0.28,0.23,3.81,3.76,13.49,3.15
717,도라지볶음,88.52,0.19,7.23,0.05,0.07,0.27,7.62,4.54,3.54
718,마늘쫑볶음,68.87,0.74,46.32,0.15,0.13,0.49,30.95,9.29,3.17
719,멸치깻잎볶음,49.93,0.31,313.97,0.04,0.08,1.31,11.07,23.22,1.82
720,무청볶음,80.65,0.31,264.83,0.05,0.08,0.55,54.12,22.69,6.34
721,미역줄기볶음,74.11,0.2,47.23,0.04,0.05,0.88,16.58,106.29,6.04
722,미역줄기잡채,99.54,0.63,213.81,0.16,0.08,1.71,11,49.88,3.64
723,버섯볶음,101.69,1.25,134.14,0.11,0.34,3.89,5.58,21.21,3.15
724,버섯채소볶음,76.08,0.43,192.11,0.25,0.18,2.79,11.09,17.29,5.48
725,부추볶음,83,0.32,326.24,0.22,0.04,0.11,22.12,31.43,6.12
726,야채볶음,92.96,0.28,395.33,0.07,0.04,0.65,25.22,22.33,5.82
727,양파볶음,74.4,0.24,125.72,0.04,0.01,0.25,5.4,11,5.17
728,오이볶음,72.74,0.28,24.04,0.04,0.04,0.23,8.62,6.43,5.61
729,우엉볶음,105.29,0.34,5.35,0.03,0.05,0.42,2.58,14.7,5.91
730,죽순볶음,67.47,0.74,6.85,0.09,0.04,0.41,4.58,6.09,5.87
731,취나물볶음,73.93,0.39,401.62,0.04,0.09,0.68,11.48,14.58,3.59
732,호박볶음,62.56,0.38,63.17,0.05,0.12,0.46,6.74,35.24,4.2
733,두부고추장볶음,162.92,0.94,45.32,0.2,0.1,1.45,2.38,18.2,3.79
734,두부두루치기,99.38,0.76,60.83,0.08,0.11,1.74,0.2,28.1,1.32
735,떡볶기,229.89,0.4,137.79,0.06,0.06,1.84,4.74,18.05,0.59
736,떡볶기(전통),275.31,1.04,130.25,0.09,0.09,3.21,3.24,8.7,2.45
737,라면볶음,452.41,0.68,240.21,0.59,0.42,1.35,8.45,39.67,3.58
738,라볶기,408.34,0.62,331.41,0.34,0.24,1.92,9.09,32.65,3.61
739,마파두부,144.45,1.19,24.22,0.08,0.17,2.52,5.3,16.78,3.68
740,카레떡볶음,183.14,0.87,128.73,0.04,0.05,2.22,1.65,6.91,0.11
741,콩볶음,122.39,0.33,0.01,0.04,0.03,0.26,0,13.36,8.36
742,구절판,256.57,1.61,311.7,0.19,0.33,4.15,7.8,75.08,3.76
743,도토리묵김치잡채,65.11,0.23,20.43,0.03,0.04,0.33,5.58,20.53,0.32
744,떡잡채,234.17,1.23,134.6,0.13,0.25,4.58,3.04,55.97,0.66
745,목이버섯잡채,211.04,2.45,141.72,0.06,0.12,2.33,8.69,23.28,0.86
746,부추잡채,101.8,0.64,381.92,0.29,0.07,1.36,18.31,28.58,1.05
747,잡채,171.74,0.85,218.57,0.09,0.13,1.73,11.74,29.89,1.12
748,콩나물잡채,108.55,0.94,157.52,0.12,0.15,2.2,9.3,25.65,2.02
749,팔보채,178.82,1.51,8.73,0.08,0.13,3.21,4.77,27.75,5.75
750,갈치조림,139.79,0.4,67,0.11,0.1,2.68,12.65,12.82,0.87
751,어묵조림,132.65,0.23,2.41,0.02,0.02,0.32,0.57,2.68,2.79
752,가자미조림,127.42,0.53,95.48,0.16,0.24,3.71,10.11,13.69,0.91
753,고등어조림,234.47,0.75,140.74,0.13,0.4,6.07,15.06,18.59,1.75
754,꽁치조림,214.85,0.69,115.4,0.06,0.26,5.66,13.61,14.85,1.62
755,동태조림,92.23,0.38,112.92,0.11,0.11,1.57,11.23,13.11,0.94
756,병어조림,151.64,0.64,167.97,0.16,0.13,2,11.9,20.79,0.94
757,북어조림,116.13,0.72,6.67,0.04,0.32,1.46,1.6,5.31,1.35
758,빙어조림,185.5,8.26,2.1,0.07,0.14,0.7,0,25.2,4.2
759,삼치조림,159.99,0.48,106.32,0.07,0.22,3.78,6.36,9.19,1.56
760,양미리조림,120,0.45,105.02,0.13,0.21,2.84,9.42,8.55,1.35
761,어묵케찹조림,111.91,0.34,153.57,0.05,0.04,0.53,5.08,19.93,0.82
762,어묵햄조림,157.02,0.54,1.94,0.1,0.04,1.71,2.57,4.94,3.75
763,오징어조림,120.99,1.09,210.72,0.08,0.12,2.63,18.88,20.11,2.41
764,오징어포고추조림,104.12,1.07,337.21,0.08,0.13,2.59,18.89,15.22,1.07
765,자반고등어조림,213.27,0.64,173.93,0.11,0.34,5.43,16.7,12.87,1.6
766,장어조림,199.85,1.44,839.03,0.49,0.38,3.62,6.57,17.96,3.04
767,적어조림,97.46,0.51,78.65,0.05,0.08,2.46,10.4,15.91,0.91
768,전어조림,170.09,0.61,75.37,0.04,0.23,2.97,8,9.74,1.59
769,쥐포조림,84.79,2.67,0,0.01,0.01,0.45,0,9.46,1.65
770,청어조림,210.67,0.62,156.14,0.06,0.22,3,7.18,9.05,2.4
771,홍합조림,83.68,1.16,2.48,0.02,0.15,1.63,3.55,14.75,1.84
772,달걀(계란)조림,84.3,0.48,78,0.05,0.14,0.17,0,4.25,0.6
773,닭다리조림,212.52,1.74,225.32,0.09,0.18,5.42,4.68,16.38,0.23
774,닭도리탕,266.02,2.29,345.12,0.17,0.19,7.57,14.08,23.78,3.39
775,닭조림,193.58,1.53,245.22,0.11,0.12,4.97,9.03,18.82,3.31
776,돼지고기갈비강정,282.01,2.49,32.1,0.77,0.19,6.41,3.98,13.86,0.25
777,돼지고기메추리알조림,163.9,1.37,180.32,0.23,0.22,1.92,2.13,31.5,0.5
778,돼지고기완자조림,251.03,1.24,52.96,0.31,0.14,2.8,2.6,19.51,3.67
779,돼지고기장조림,166.97,1.16,8.2,0.35,0.11,3.68,9.25,8.66,0.2
780,메추리알조림,106.11,1.02,222.02,0.07,0.21,0.2,1.43,36.19,0.6
781,소세지어묵조림,163.75,0.68,91.21,0.13,0.08,1.66,7.09,18.78,0.8
782,소세지조림,162.47,0.77,6.02,0.14,0.07,1.91,5.14,5.42,0.55
783,쇠갈비조림,307.99,3.95,17.33,0.14,0.38,7.42,8.25,60.29,0.12
784,쇠고기장조림,105.74,2.71,142.25,0.08,0.16,3.45,10.85,7.13,0.2
785,우엉쇠고기조림,95.2,1.86,4.8,0.04,0.11,2.39,1.7,10.9,0.49
786,풋고추소세지조림,118.68,0.3,141.7,0.15,0.34,2.39,10.5,15.02,2.41
787,햄조림,64.87,0.51,6.02,0.08,0.09,2.91,19.34,7.02,0.05
788,감자조림,78.15,0.44,130.7,0.09,0.04,1.36,22.28,15.97,0.2
789,고구마조림,135.95,0.31,144.95,0.07,0.06,0.84,24.23,44.33,0.95
790,깻잎조림,28.27,0.18,337.6,0.03,0.08,0.46,13.53,22.51,1.01
791,다시마조림,12.6,0.01,0.15,0.01,0.02,3,0,21.95,0.15
792,당근조림,64.09,0.17,882.3,0.05,0.04,0.71,5.48,9.43,1.13
793,마늘쫑조림,27.44,0.3,77.8,0.07,0.07,0.48,11.84,4.55,0.16
794,무조림,18.43,0.11,74.8,0.02,0.04,0.48,4.6,5.69,0.17
795,양송이버섯조림,29.06,0.6,39.6,0.18,0.31,3.52,3.5,17.45,0.19
796,연근조림,62.29,0.11,0,0.06,0.01,0.27,28.5,8.25,1.13
797,완두콩조림,110.09,0.61,8,0.15,0.03,0.56,0,55.71,0.05
798,우엉어묵조림,96.4,0.19,0.01,0.02,0.03,0.31,0.99,8.47,0.74
799,우엉조림,80.95,0.23,0.01,0.02,0.04,0.4,1.5,13.91,3.7
800,토란조림,64.35,2.77,82.82,0.07,0.04,0.84,20.45,12.41,0.8
801,풋고추조림,21.15,0.16,28.4,0.06,0.04,0.71,36.48,10.13,0.65
802,호박조림,44.24,0.21,203.3,0.04,0.06,1.08,14.18,10.88,1.61
803,강남콩조림,100.75,0.57,0.4,0.06,0.04,0.42,0,79.77,0.05
804,검정콩조림,105.94,0.6,0.01,0.07,0.05,0.5,0,26.44,1.27
805,두부양념조림,123.02,0.88,35.16,0.11,0.07,1.41,0.6,15.74,4.04
806,땅콩조림,145.35,1.34,0,0.13,0.03,2.48,0,48.91,1.85
807,유부조림,200.26,1.04,1.2,0.03,0.02,0.26,0.24,14.9,2.14
808,콩조림(콩자반),108.06,0.62,0.01,0.07,0.05,0.55,0,27.2,1.31
809,가자미튀김,187.26,0.39,5.6,0.14,0.18,3.09,1.4,5.75,8.95
810,갈치튀김,237.22,0.45,32.4,0.11,0.1,2.33,0.7,8.93,9.05
811,고등어튀김,325.42,0.72,43.6,0.11,0.37,5.41,0.7,8.58,9.75
812,굴비튀김,260.32,0.61,50.6,0.06,0.16,0.93,0.7,42.83,11.14
813,꽁치튀김,319.12,0.71,43.6,0.05,0.24,5.13,0.7,9.19,9.76
814,대구튀김,198.72,0.57,24,0.1,0.13,1.28,1.4,9.2,9.05
815,도미튀김,202.92,0.54,28.2,0.11,0.16,2.12,0.7,4.8,9.05
816,동태튀김,186.82,0.4,21.9,0.1,0.08,0.93,0,6.83,9.05
817,멸치튀김,183.52,1.21,26.6,0.05,0.19,6.27,0.7,11.37,9.65
818,뱅어포튀김,73.16,0.29,0,0.01,0.01,0.32,0,5.45,6.11
819,병어튀김,234.32,0.61,70.9,0.15,0.1,1.31,0,13.73,9.05
820,북어강정,203.25,0.19,53.05,0.11,0.08,1.84,0.2,10.23,6.88
821,삼치튀김,227.62,0.45,49.9,0.06,0.2,3.29,0,2.65,9.75
822,새우까스,188.02,1.25,8.4,0.05,0.06,0.68,1.9,11.58,9.24
823,생선까스,149.22,0.44,7.7,0.13,0.2,1.23,1.4,7.26,8.94
824,생선까스정식,294.47,1.04,398.6,0.25,0.33,2.91,39.95,78.8,11.14
825,어묵탕수,218.69,0.91,163.8,0.06,0.09,0.43,3.88,15.64,5.89
826,어묵튀김,180.82,0.3,23.4,0.03,0.05,0.22,0,2.94,8.89
827,연어튀김,248.42,0.61,54.8,0.23,0.1,5.62,0.7,4.87,9.05
828,오징어탕수,213.46,1.1,85.35,0.06,0.07,2.06,4.95,17.01,10.63
829,우럭튀김,205.02,2.06,26.8,0.04,0.12,1.98,1.4,15.72,9.75
830,임연수튀김,251.92,0.4,31.7,0.11,0.1,2.75,0,5.22,9.75
831,조기튀김,232.32,0.37,26.1,0.07,0.19,0.86,0.7,15.02,9.05
832,쥐포튀김,180.15,2.77,13.77,0.03,0.01,0.58,0.3,12.99,9.86
833,참치강정,208.9,0.5,58.65,0.12,0.1,8.2,1.6,8.56,6.58
834,참치튀김,228.12,0.6,21.2,0.12,0.1,8,1.4,5.85,9.05
835,청어튀김,305.12,0.58,96.1,0.05,0.2,2.47,0,4.52,10.45
836,탕수어,232.31,0.49,92.19,0.13,0.09,1.17,3.23,15.64,9.25
837,황새치튀김,232.32,0.37,26.1,0.07,0.19,0.86,0.7,15.02,9.05
838,깐풍기,294.11,1.57,88.21,0.11,0.14,5.03,7.66,18.79,8.89
839,닭강정,274.66,1.43,68.08,0.08,0.13,4.48,1.32,7.36,8.44
840,닭고기탕수육,247.01,0.79,169.22,0.09,0.12,6.96,5.45,12.4,8.56
841,닭다리튀김(패스트푸드),174.6,1.31,27,0.05,0.17,2.94,0,3.6,0
842,닭카레튀김,185.9,1.4,33.65,0.06,0.09,4.36,1.32,6.28,8.25
843,닭튀김,245.93,1.56,48.62,0.1,0.12,4.53,1.2,7.78,8.35
844,닭튀김(패스트푸드),181.8,0.57,21.6,0.05,0.11,4.44,0,3,0
845,"닭튀김,맥치킨(맥도날드)",154.8,0,33,0.31,0.07,2.82,0.66,0,0
846,돈까스,360.19,1.5,27.07,0.4,0.14,3.86,3.1,20.14,8.55
847,돈까스양념튀김,343.75,2.44,35.84,0.03,0.02,0.42,10,26.61,8.73
848,돈까스정식,537.94,2.33,410.57,0.61,0.28,6.17,33.65,81.93,10.55
849,돈까스탕수,260.26,1.75,132.6,0.03,0.02,0.26,3.85,16.04,8.47
850,돼지고기강정,312.46,1.21,38.08,0.36,0.14,3.58,1.32,7.96,8.44
851,돼지고기튀김,246.25,1.18,18.71,0.35,0.12,3.44,1.2,4.31,8.36
852,라조기,293.81,1.57,88.19,0.11,0.14,5.03,7.66,18.72,8.88
853,비프스튜,231.68,2.05,202.01,0.12,0.16,4.64,21,23.5,0.82
854,비후까스,375.59,2.75,49.27,0.13,0.22,5.17,2.7,19.97,8.65
855,비후까스정식,506.14,3.22,431.77,0.23,0.33,6.34,32.85,80.56,10.65
856,소세지튀김,301.53,0.84,31.22,0.09,0.09,1.02,4,7.61,8.45
857,쇠고기튀김,263.55,1.92,31.31,0.09,0.15,3.79,2.5,14.92,8.56
858,양념통닭,345.97,2.22,104.69,0.14,0.19,7.2,8.29,20.26,8.88
859,탕수육,335.16,1.33,153.42,0.38,0.14,3.69,5.82,13.18,8.48
860,함박스테이크정식,376.17,1.98,394.97,0.56,0.25,5.85,33.65,75.03,7.36
861,햄커틀렛,239.99,1.03,34.36,0.15,0.18,4.42,25.8,10.76,8.47
862,햄버거,323.52,2.97,26.9,0.16,0.22,6.1,1.1,9.03,3.19
863,가지튀김,152.1,0.42,21.36,0.07,0.05,0.47,2.8,16,8.37
864,감자연근튀김,242.82,0.6,31.2,0.12,0.07,0.93,25.5,17.97,8.45
865,감자튀김,142.22,0.54,0,0.1,0.04,1.69,27.3,17.67,8.26
866,"감자튀김,후렌치후라이",447.12,0.66,0,0.25,0.04,4.55,13.8,40.02,8.28
867,"감자튀김,후렌치후라이(롯데리아)",240.71,0.55,0,0.19,0.07,2.76,39.47,40.02,0
868,"감자튀김,후렌치후라이(맥도날드)",289.8,0.72,11.04,0.1,0.15,0.41,1.38,40.02,8.28
869,"감자튀김,후렌치후라이(버거킹)",422.28,0.55,0,0.19,0.57,2.8,0,40.02,0
870,"감자튀김,후렌치후라이(웬디스)",409.45,0.72,0,0.19,0.06,3.17,7.45,40.02,8.28
871,"감자튀김,후렌치후라이(KFC)",310.5,0.55,0,0.19,0.69,3.13,3.45,40.02,0
872,고구마깻잎튀김,251.02,0.48,185.15,0.09,0.1,0.85,24.25,53.64,9.5
873,고구마채튀김,166.72,0.2,14.25,0.05,0.04,0.53,18.75,39,8.99
874,고추튀김,149.02,0.33,52,0.1,0.06,0.93,50.4,15.48,9.05
875,김튀김,75.16,0.38,75.02,0.04,0.06,0.26,1.86,28.92,3.18
876,깻잎튀김,106.42,0.12,155.3,0.02,0.03,0.21,5.5,11.6,8.65
877,다시마튀각,101.41,0.03,5.76,0.01,0.03,0.27,1.08,81.84,8.48
878,도라지튀김,176.62,0.33,31.2,0.07,0.12,0.32,6,6.3,8.45
879,미역야채튀김,107.9,0.5,261.4,0.06,0.09,1.07,11.54,71.97,5.67
880,미역튀각,107.8,0.12,18.6,0.02,0.02,0.72,0,219.46,1.6
881,야채튀김,225.78,0.55,282.56,0.11,0.08,1.22,25.7,35.69,8.86
882,"양파,어니언링(패스트푸드)",232.4,0.29,0.7,0.07,0.08,0.77,0.7,9.8,0
883,연근튀김,168.62,0.33,31.2,0.09,0.06,0.27,28.5,10.05,8.45
884,파래야채튀김,113.86,0.34,134.36,0.07,0.04,1.1,16.6,38.94,5.33
885,풋고추튀김,157.82,0.29,31.2,0.07,0.05,0.54,21.6,10.45,8.65
886,홍합튀김,210.23,1.41,31.22,0.06,0.2,1.69,2.4,17.7,10.05
887,"계란,스카치에그",258.53,0.85,78.81,0.14,0.16,0.92,1,12,8.97
888,두부탕수육,230.81,0.78,52.87,0.07,0.04,0.81,5.95,28.63,9.39
889,두부튀김,179.63,0.71,21.01,0.05,0.05,0.78,1.14,18.64,9.23
890,맛탕,191.8,0.39,616,0.03,0.06,0.56,9.38,15.96,1.4
891,식빵튀김,220.83,0.38,1,0.04,0.03,0.55,0,15,9.24
892,옥수수튀김,214.92,0.54,8.9,0.1,0.12,1.91,8.1,52.78,8.84
893,겨자채,148.51,1.15,268.38,0.21,0.16,2.89,11.4,62.52,0.79
894,김무침,15.41,0.02,80.01,0.02,0.07,0.19,1.95,29.1,0.4
895,노각무침,32.27,0.26,25.47,0.03,0.03,0.34,6.89,9.65,0.41
896,단무지무침,24.42,0.21,35.73,0.02,0.02,0.31,4.15,5.47,0.12
897,달래무무침,40.7,0.22,130.66,0.06,0.07,0.73,16,10.41,0.14
898,도라지무침,76.39,0.27,95.08,0.08,0.12,0.72,9.3,10.97,0.17
899,도라지북어포무침,115.56,0.16,22.3,0.09,0.09,1.33,3.82,7.04,1.1
900,도토리묵무침,64.81,0.27,224.88,0.05,0.08,0.49,8.09,28.45,0.72
901,두부냉채,158.83,1.02,7.21,0.13,0.09,1.31,3.29,16.01,0.85
902,두부톳무침,53.07,0.52,26.28,0.03,0.03,0.45,5.87,37.65,0.87
903,마늘쫑무침,33.29,0.32,40.15,0.07,0.06,0.32,11.59,6.27,0.31
904,무말랭이무침,95.78,0.44,180.71,0.09,0.12,1.41,24.47,25.83,1.35
905,무미역생채,23.83,0.1,109.05,0.03,0.08,0.69,11.07,62,0.44
906,무생채,31.43,0.2,76.42,0.04,0.04,0.62,11.71,8.98,0.07
907,미나리무침,28.66,0.24,178.63,0.05,0.09,1.09,7.9,103.14,2.4
908,미역오이초무침,25.93,0.42,25.69,0.04,0.09,0.63,5.99,67.07,0.44
909,미역초무침,49.16,0.16,236.69,0.07,0.15,1.27,11.85,111.29,0.94
910,부추겉절이,40.3,0.23,325.17,0.18,0.06,0.47,16.89,27.22,0.92
911,부추양배추무침,54.31,0.18,261.96,0.14,0.06,0.5,18.59,32.33,1.39
912,삼색냉채,27.84,0.17,137.73,0.04,0.03,0.31,9.3,8.31,0.02
913,상추겉절이,42.1,0.32,201.71,0.06,0.11,0.69,10.52,49.15,0.69
914,쑥갓생채,42.43,0.23,237.08,0.07,0.13,0.48,9.86,75.65,1.42
915,양배추겉절이,41.94,0.26,99.6,0.05,0.07,0.59,19.08,42.4,0.52
916,양파겉절이,33.82,0.16,36.02,0.03,0.02,0.32,4.86,10.01,0.08
917,열무무침,53.16,0.39,369.74,0.08,0.13,1.05,54.28,31.61,0.98
918,오이부추무침,25.74,0.2,193.96,0.11,0.06,0.48,13.83,17.62,0.4
919,오이생채,32.41,0.18,20.41,0.03,0.03,0.18,7.81,4.94,0.63
920,오이양배추무침,44.43,0.2,98.37,0.05,0.07,0.6,13.52,25.74,0.45
921,오이양파무침,44.18,0.2,66.27,0.05,0.05,0.43,7.22,11.1,0.42
922,오이지무침,30.45,0.16,78.11,0.03,0.03,0.37,0.97,5.53,0.39
923,오이피클,59.42,0.54,4.5,0.01,0.01,0.05,0,24.9,2
924,잔파무침,38.12,0.29,151.22,0.05,0.08,0.61,17.38,13.74,0.69
925,콩나물냉채,29.78,0.36,155.59,0.07,0.07,0.66,7.08,31.36,0.78
926,톳나물,33.14,0.19,113.23,0.02,0.05,0.41,14.47,77.43,0.62
927,파래무생채,30.35,0.9,104.31,0.06,0.11,0.92,12.07,50.21,0.43
928,파래무침,24.2,1.13,82,0.06,0.13,0.86,12,63.15,0.47
929,풋마늘초무침,53.86,0.46,185.05,0.09,0.09,0.69,40.78,8.99,0.19
930,해파리냉채,136.67,1.21,319.84,0.19,0.26,2.77,7.17,50.86,0.91
931,호박오가리무침,93.67,0.31,35.26,0.07,0.07,1.13,1.29,19.92,4.55
932,떡맛살샐러드,204.46,0.5,12.35,0.06,0.13,1.2,3.8,12.31,2.11
933,야채샐러드,116.98,0.19,173.15,0.05,0.05,0.33,17.9,34.64,1.43
934,양배추샐러드,117.53,0.17,138.87,0.04,0.04,0.3,13.67,22.85,1.49
935,양상추샐러드,97.34,0.23,82.52,0.04,0.04,0.24,8.62,26.01,1.84
936,옥수수샐러드,158.78,0.26,4.75,0.04,0.03,0.7,4.9,25.29,2.03
937,참치샐러드,165.75,0.34,140.45,0.06,0.08,3.72,14.65,26.22,2.55
938,참치야채샐러드,141.5,0.39,295.2,0.07,0.1,4.91,6.7,21.73,2.1
939,코올슬로우,103.6,0.14,35,0.03,0.02,0.07,5.6,27.3,0
940,콩샐러드,243.7,0.84,7.85,0.15,0.17,3.77,4.2,43.31,3.35
941,가지나물,35.89,0.29,58.22,0.04,0.04,0.57,4,13.92,0.55
942,고구마줄기무침,42.7,0.31,26.86,0.06,0.03,0.48,7.59,66.9,3.35
943,고비나물,54.82,0.34,52.94,0.03,0.07,0.98,8.38,18.11,5.22
944,고사리나물,72.95,0.44,29.82,0.07,0.09,0.41,19.58,28.01,5.26
945,고추잎나물,61.93,0.86,588.82,0.14,0.25,1.94,57.9,65.14,3.38
946,근대나물,36.05,0.43,370.89,0.06,0.11,0.53,12.1,13.25,1.84
947,깻잎나물,46.47,0.42,1124.33,0.08,0.22,1.03,39.65,64.63,3.37
948,냉이나물,65.49,0.52,177.24,0.16,0.26,1.27,53.18,20.8,0.51
949,느타리콩나물무침,44.87,0.44,36.02,0.16,0.15,2.03,4.96,8.59,1.05
950,다시마채무침,14.15,0.77,50.44,0.01,0.05,0.47,4.35,45.01,0.49
951,단배추된장무침,65.54,0.36,6.63,0.04,0.05,0.81,20.17,40.2,0.79
952,더덕무침,73.24,0.15,40.12,0.09,0.13,0.56,3.42,10.73,0.51
953,도라지나물,58.51,0.18,1.08,0.05,0.07,0.27,6.36,4.02,0.32
954,두릅무침,55.35,0.36,78.44,0.09,0.16,1.39,8.88,54.11,2.53
955,머위나물,63.75,0.25,572.74,0.05,0.15,1.44,20.98,14.21,1.23
956,무말랭이오징어무침,129.92,0.82,52.82,0.09,0.09,1.99,16.96,19.98,2.48
957,무숙채,54.69,0.18,23.62,0.04,0.03,0.39,14.28,8.34,3.38
958,미나리나물,31.92,0.3,200.47,0.06,0.11,1.31,8.38,108.2,2.27
959,미역나물,19.56,0.13,156.12,0.04,0.1,0.81,10.62,76,0.63
960,배추나물,38.36,0.24,92.24,0.05,0.06,0.91,21.62,38.82,0.22
961,배추숙주나물,36.51,0.22,72.02,0.04,0.06,0.73,14.93,23.72,0.68
962,비름나물,56.16,1.2,336.04,0.05,0.08,0.68,25.94,61.44,0.78
963,쇠고기무나물,88.21,0.81,77.81,0.04,0.08,1.97,8.96,7.8,0.65
964,숙주나물,13.71,0.12,6.41,0.03,0.04,0.37,7.81,5.07,0.53
965,숙주맛살무침,20.17,0.31,10.21,0.04,0.13,0.58,6.29,6.34,0.56
966,숙주미나리무침,15.91,0.15,52.01,0.03,0.05,0.59,7.09,33.02,0.78
967,숙주부추나물,18.91,0.16,129.61,0.1,0.04,0.29,13.29,15.42,0.38
968,시금치나물,53.58,0.53,433.33,0.1,0.25,0.51,43.77,104.8,3.53
969,시래기나물,37.51,0.34,263.64,0.05,0.08,0.56,53.88,23.02,1.06
970,쑥갓나물,40.83,0.22,374.63,0.09,0.19,0.75,11.75,105.35,1.98
971,씀바귀나물,82.29,0.2,44.94,0.15,0.1,0.92,6.98,20.81,0.51
972,어묵콩나물부추무침,77.4,0.31,80.63,0.08,0.06,0.41,6.69,9.82,1.06
973,오징어풋마늘무침,89.93,1.11,88.34,0.07,0.08,2.24,18.23,14.42,2.21
974,취나물,41.28,0.28,402.31,0.03,0.08,0.65,10.23,13.77,0.36
975,콩나물,39.37,0.41,36.02,0.08,0.09,0.68,6.46,6.05,1.08
976,콩나물겨자채,71.29,0.6,67.96,0.08,0.07,0.83,6.24,50.35,0.82
977,콩나물미나리무침,39.23,0.38,92.21,0.07,0.1,0.89,6.29,20.7,1.31
978,탕평채,72.44,0.52,148.79,0.05,0.06,1.1,6.56,39.73,0.56
979,토란대무침,46.6,0.33,33.89,0.03,0.03,0.6,6.98,120.37,1.14
980,게맛살무침,79.66,0.24,25.45,0.03,0.07,0.67,2.24,6.04,1.09
981,골뱅이무침,103.06,0.82,209.99,0.08,0.1,1.49,11.6,21.34,0.62
982,굴무생채,100,72.75,121.21,0.18,0.26,2.39,10.09,14.07,0.87
983,굴무침,92.92,14.56,98.81,0.16,0.24,2.44,2.81,11.36,1.2
984,꼴뚜기무침,55.69,0.97,90.68,0.06,0.11,1.63,12.39,26.42,2.91
985,낙지무침,57.25,1,90.68,0.06,0.11,1.35,11.89,30.62,1.93
986,노가리채무침,102.46,0.26,54.26,0.05,0.09,1.91,0.53,7.87,1.46
987,대구포무침,94.2,0.42,70.1,0.06,0.09,1.65,0.53,10.12,1.46
988,멸치잔파무침,70.57,0.28,57.28,0.04,0.05,1.34,2.69,10.38,1.6
989,문어무침,84.06,1.57,81.08,0.06,0.12,1.72,9.47,31.09,1.51
990,북어채무침,105.15,0.26,54.25,0.05,0.09,1.9,0.44,7.81,1.46
991,새우무침,88.51,0.25,20.65,0.04,0.03,1.4,0.24,5.06,1.22
992,소라무침,89.17,2.18,83.28,0.03,0.17,1.25,0.73,10.44,1.21
993,어리굴젓무침,38.9,18.21,65.6,0.02,0.06,0.7,3,4.88,1.01
994,오징어무침,115.82,0.89,422.31,0.09,0.11,2.01,16.64,33.93,2.53
995,오징어미역초무침,69.2,1.05,45.01,0.05,0.11,2.06,4.47,72.58,2.01
996,오징어어묵무침,70.8,1.56,20.33,0.02,0.05,1.32,1.17,8.65,1.89
997,오징어젓무무침,47,0.37,45.42,0.03,0.03,0.85,11.18,8.49,1.26
998,오징어젓무침,29.61,0.3,38.33,0.02,0.02,0.67,4.25,4.74,0.99
999,오징어채무침,104.35,1.02,20.66,0.04,0.05,2.16,0.33,13.61,1.43
1000,조개젓무침,50.15,0.39,105.73,0.04,0.08,0.73,10.98,8.67,1.06
1001,쥐포무침,95.06,2.71,20.66,0.02,0.03,0.59,0.33,13.42,2.33
1002,창란젓무무침,54.94,0.48,71.92,0.05,0.07,1.07,12.02,7.06,2.47
1003,피조개무침,110.56,1.27,238.71,0.18,0.25,2.44,14.18,30.16,1.03
1004,홍어회무침,84.18,0.43,124.28,0.08,0.13,1.63,12.09,27.74,0.95
1005,홍합무침,106.47,1.33,200.34,0.07,0.21,2.14,14.45,30.74,1.85
1006,닭고기냉채,104.84,0.83,198.18,0.1,0.11,7.27,8.66,35.11,0.5
1007,사태초무침,112.6,2.72,63.28,0.07,0.15,3.5,4.69,9.37,0.42
1008,쇠고기김무침,102.89,2.68,210.83,0.11,0.28,3.71,6.72,76.96,0.39
1009,편육겨자채,111.16,2.77,44.43,0.07,0.13,3.42,7.76,18.63,0.4
1010,편육무침,131.13,2.76,177.81,0.09,0.16,3.63,5.19,14.95,0.51
1011,갓김치,24.6,0.63,234,0.09,0.08,0.78,28.8,222,1.2
1012,고들빼기김치,39.6,0.16,548.4,0.19,0.09,0.54,6.6,13.02,2.4
1013,깍두기,16.5,0.11,19,0.07,0.03,0.25,9.5,3,0
1014,나박김치,9,0.1,77,0.03,0.06,0.5,10,6,0
1015,동치미,11,0.05,15,0.02,0.02,0.2,9,6,0
1016,무청김치,13.8,0.11,102,0.02,0.04,1.98,11.4,27.66,0
1017,무초절이,22.66,0.12,8.61,0.03,0.02,0.31,11.59,6.38,0.01
1018,배추김치,10.8,0.1,28.8,0.04,0.04,0.48,8.4,27.66,0
1019,보쌈김치,49.66,0.27,20.02,0.07,0.04,0.53,7.76,25.72,0.3
1020,부추김치,26.64,0.24,426.36,0.22,0.07,0.48,22.39,33.41,0.63
1021,열무김치,11.5,0.1,254,0.02,0.04,0.3,12.5,3,0
1022,오이소배기,21.28,0.23,189.11,0.08,0.07,0.64,12.27,14.25,0.26
1023,유채김치,17.4,0.11,72.6,0.03,0.14,0.84,7.8,3.6,0
1024,장김치,10.06,0.11,77,0.03,0.06,0.52,10,6.4,0.02
1025,총각김치,15.5,0.15,63,0.02,0.04,0.4,12,3,0
1026,파김치,31.2,0.19,211.2,0.08,0.08,0.54,11.4,9.66,0
1027,가다랭이회,88.9,0.46,8.4,0.15,0.12,10.71,0.7,259,0.7
1028,가리비회,64,2,0,0.04,0.26,1.28,0.8,12.8,0.8
1029,가자미회,90.3,0.34,5.6,0.13,0.18,3.01,1.4,3.5,0.7
1030,개불,53.6,1.24,0,0.04,0.1,1.76,1.6,11.04,1.6
1031,"굴,석화",51.2,3.2,16,0.1,0.14,1.44,4,7.68,0.8
1032,낙지,37.1,1.12,0,0.01,0.06,0.98,0.7,8.75,2.1
1033,노래미회,66.5,0.32,5.6,0.08,0.06,1.82,0.7,8.54,0.7
1034,농어회,93.1,0.28,137.9,0.12,0.11,4.2,0,3.5,0.7
1035,다금바리회,70,0.28,11.9,0.06,0.18,3.29,0.7,3.5,0.7
1036,도미회,73.5,0.62,3.5,0.02,0.01,0.91,0.7,0.28,1.4
1037,"멍게,우렁쉥이",61.6,1.1,0,0.02,0.12,0.64,2.4,12.8,1.6
1038,멸치회,79.8,1.14,26.6,0.03,0.18,6.16,0.7,8.61,1.4
1039,모듬회,91.2,0.45,47.4,0.08,0.07,4.24,0.8,4.72,0.8
1040,민어회,72.8,0.34,18.2,0.07,0.04,1.82,0.7,10.5,0.7
1041,방어회,109.2,0.45,9.8,0.11,0.11,5.46,0.7,2.24,0.7
1042,밴뎅이회,157.5,1.14,25.2,0.05,0.17,1.33,0.7,8.61,1.4
1043,뱅어회,43.4,1.14,16.1,0.02,0.02,0.56,1.75,8.61,1.4
1044,병어회,114.8,0.45,55.3,0.12,0.07,1.19,0,10.5,0.7
1045,빙어회,85.4,2.66,17.5,0.07,0.16,1.96,1.4,8.61,1.4
1046,새우,74.4,1.25,0,0.03,0.03,1.6,0.8,1.44,0.8
1047,소라회,63.2,2.13,3.2,0.01,0.14,0.88,0,5.84,0.8
1048,송어회,84.7,0.32,18.2,0.32,0.08,6.86,0.7,8.54,0.7
1049,숭어회,87.5,0.39,16.8,0.06,0.11,2.73,1.4,9.1,0.7
1050,쏘가리회,77.7,0.31,7,0.06,0.13,2.1,0.7,3.5,0.7
1051,아귀회,42,0.35,34.3,0.04,0.05,0.91,0,0.35,0.7
1052,오징어회,60.9,0.91,0,0.03,0.04,1.89,1.4,8.75,2.1
1053,우럭회,70,0.36,7.7,0.04,0.16,2.38,0.7,6.16,0
1054,은어회,79.8,0.66,18.9,0.08,0.11,2.17,1.4,3.5,0.7
1055,준치회,93.1,0.52,7,0.01,0.06,1.75,0,4.48,1.4
1056,참다랑어회,92.4,0.41,5.6,0.09,0.07,7.84,1.4,1.33,0.7
1057,해삼,12,0.17,0,0.02,0.02,0.16,2.4,10,2.4
1058,소간회,130.29,2.5,5683.34,0.17,1.34,8.9,12.89,151.52,1.2
1059,소양(천엽)회,58.07,1.59,7.93,0.04,0.13,0.92,0.09,5.66,0.61
1060,육회,129.07,2.74,9.72,0.07,0.12,3.31,2.57,5.94,0.78
1061,미나리강회,95.53,0.75,265.75,0.1,0.18,2.43,13.2,108.95,2.61
1062,부추강회,66.51,0.77,446.6,0.3,0.06,1.1,29.5,45.86,2.21
1063,파강회,101.83,0.84,164.95,0.09,0.16,1.73,18.8,18.16,1.21
1064,가다랭이내장젓,11.55,0.12,13.5,0.02,0.04,0.26,0,6.15,0.15
1065,갈치젓,27.6,0.07,13.5,0.02,0.04,0.26,0,61.65,0.15
1066,게알젓,36.15,0.53,2.25,0.03,0.08,0.08,0,5.1,0.6
1067,게장,80.86,0.77,71.62,0.04,0.15,2.27,2.09,10.47,1.4
1068,꼴뚜기젓,13.2,0.23,0,0.01,0.02,0.51,0,2.67,0.75
1069,"꼴뚜기젓,양념",16.65,0.23,22.35,0.02,0.01,0.3,0.6,2.67,0.75
1070,"대구,아가미젓",11.4,0.24,1.35,0.01,0.01,0.17,0.15,115.95,0.3
1071,대구젓,9.9,0.12,13.5,0.02,0.04,0.26,0,61.65,0.15
1072,멸치액젓,4.35,0.29,0,0,0,0.36,0,2.7,0.3
1073,멸치젓,16.95,0.01,8.25,0,0.03,0.47,0,3.71,0.45
1074,명란젓,18,0.29,9.9,0.07,0.08,1.34,0,1.29,1.35
1075,명란젓양념,18.75,0,43.8,0.05,0.08,0.26,0.75,0,0
1076,민어알젓,42.6,0.29,17.25,0.09,0.08,0.14,0,1.29,1.35
1077,바지락젓,7.65,0.21,1.35,0,0.02,0.3,0.15,2.4,0.3
1078,밴뎅이젓,27.3,0.12,27.15,0.02,0.02,0.23,0,61.65,0.15
1079,새우젓,7.5,0.23,0,0.01,0.01,0.6,0,0.27,0.15
1080,성게알젓,15.75,0.21,15.9,0.02,0.02,0.12,0,0.42,0.15
1081,송어젓,24.6,0.12,13.5,0.02,0.04,0.26,0,61.65,0.45
1082,아가미젓,12,0.15,0.9,0.01,0.02,0.87,0,61.65,0.15
1083,아미젓,8.55,0.12,0.9,0.02,0.05,0.35,0,61.65,0.45
1084,어란젓,35.1,0.29,14.51,0.11,0.11,1.95,0,1.29,1.35
1085,어리굴젓,12.9,13.62,15,0,0.03,0.39,0.3,1.65,0.3
1086,연어알젓,37.8,0.13,24.3,0.06,0.06,0.05,1.65,0.12,1.65
1087,연어젓,21.45,0.33,0.9,0.02,0.02,0.9,0,0.09,0.15
1088,오징어내장젓,15.15,0.2,4.5,0.02,0.03,0.75,0,1.88,0.45
1089,오징어젓,11.55,0.2,0,0,0,0.35,0,1.88,0.45
1090,은어내장젓,19.65,0.26,8.55,0.02,0.04,1.5,0,1.4,0.3
1091,전복젓,15.15,0.11,3.15,0.03,0.11,0.38,0,0.75,0.3
1092,전어젓,19.5,0.33,0,0,0.03,0.62,0,0.09,0.15
1093,조개젓,10.05,0.21,1.05,0,0.03,0.26,0,2.4,0.3
1094,조기젓,12.15,0.08,4.5,0.02,0.07,1.01,0,8.25,0.6
1095,창란젓,17.4,0.29,0.9,0.02,0.03,0.5,0,1.29,1.35
1096,창란젓양념,16.65,0,594.75,0.02,0.03,0.18,0.3,0,0
1097,청어알젓,13.95,0.38,0,0,0.01,0,0,0.74,0.9
1098,황새치젓,18.15,0.22,0,0,0.02,0.2,0,0.35,0.15
1099,깻잎장아찌,23.84,0.19,411.42,0.04,0.1,0.76,11.78,22.95,0.97
1100,나라쓰게,5.2,0.06,0,0.01,0,0.02,0,1.6,0
1101,단무지,2.4,0.06,0,0,0,0.04,1.4,1.6,0
1102,마늘장아찌,10.6,0.23,0,0.02,0.01,0.06,0,1.24,0
1103,무짠지,3,0.04,0,0,0,0.04,0,1.6,0
1104,오이숙장아찌,45.49,0.37,10.22,0.02,0.03,0.72,3.24,3.21,0.34
1105,오이지,1.6,0.04,3.4,0.01,0,0.02,0,1.2,0
1106,오이피클,20.6,0.21,1.8,0,0,0.02,0,9.96,0.8
1107,"간장,양념간장",33.34,0.06,3.33,0.01,0,0.15,0.57,3.23,0.17
1108,"간장,양조간장",10.88,0.07,0,0.01,0.02,0.19,0,3.23,0.17
1109,"간장,왜간장",9.54,0.06,0,0.01,0.01,0.22,0,3.42,0.18
1110,"간장,죽염간장",7.14,0.05,0,0.01,0.01,0.17,0,2.89,0.17
1111,고추장,43.4,0.08,77.8,0.04,0.05,0.54,0,14.92,0.4
1112,고추장볶음,61.3,0.34,71.22,0.05,0.07,1.09,0.2,13.84,1.39
1113,굴소스,0,0.22,0,0,0,0,0,1.26,0
1114,돈까스소스,16.66,0.17,0,0,0,0,0,135.66,0
1115,"된장,쌈된장",25.56,0.1,0,0.01,0.04,0.31,0,5.94,0.18
1116,"된장,양조된장",28.98,0.1,0,0.01,0.02,0.29,0,5.94,0.18
1117,"된장,왜된장",39.06,0.6,0,0.01,0.02,0.22,0,5.94,0.18
1118,"된장,한식된장",28.98,0.1,0,0.01,0.02,0.22,0,5.94,0.18
1119,"청국장,생",32.04,0.6,0,0.01,0.04,0.2,0,5.94,0.18
1120,"청국장,청국장분말",40.14,0.63,0,0.03,0.03,0.2,0,6.23,0.18
1121,초장,41.61,0.08,70.02,0.04,0.05,0.49,0,13.43,0.36
1122,혼합장(쌈장),34.92,0.1,9.9,0.03,0.02,0.31,0,5.94,0.18
1123,"분유,전지분유",128.7,0.87,44.46,0.06,0.31,0.21,1.3,9.62,0.26
1124,"분유,조제분유",122.46,0.73,150.02,0.17,0.28,1.09,11.7,21.32,1.56
1125,"분유,탈지분유",93.6,1.01,2.08,0.13,0.46,0.23,0.26,1.07,13
1126,연유,64.8,0.19,5.4,0.02,0.06,0.06,0.6,2.26,0
1127,우유,120,0.8,56,0.08,0.28,0.2,2,1.2,0
1128,"우유,저지방가공유,쵸코",126,0.78,22,0.08,0.18,0.6,0,10.8,0
1129,"우유,저지방가공유,커피",126,0.78,18,0.1,0.2,0.2,0,10.8,0
1130,"우유,저지방우유",102,0.78,26,0.08,0.36,0.2,2,10.8,0
1131,"우유,쵸코렛",166,0.82,58,0.08,0.32,0.2,2,10,0
1132,샤베트,124,0.48,0,0.04,0.05,0.2,0,6.4,0
1133,"쉐이크,딸기",328.83,1.16,84.39,0.15,0.55,0.52,2.07,8.73,0
1134,"쉐이크,딸기(맥도날드)",363.75,1.16,90.79,0.12,0.44,0.41,4.02,8.73,0
1135,"쉐이크,딸기(패스트푸드)",328.83,1.05,26.19,0.15,0.58,0.58,2.91,8.73,0
1136,"쉐이크,바닐라",323.01,1.16,93.12,0.15,0.52,0.52,2.07,9.6,0
1137,"쉐이크,바닐라(롯데리아)",181.88,1.16,170.82,0,0,0,3.2,9.6,0
1138,"쉐이크,바닐라(맥도날드)",252.88,1.16,29.1,1.89,0.52,0.58,2.91,9.6,0
1139,"쉐이크,바닐라(버거킹)",314.86,1.16,0,0.15,0.52,0.58,4.66,9.6,0
1140,"쉐이크,바닐라(패스트푸드)",323.01,1.16,93.12,0.15,0.52,0.58,2.91,9.6,0
1141,"쉐이크,쵸코렛",369.57,1.16,66.93,0.17,0.7,0.52,1.02,10.19,0
1142,"쉐이크,쵸코렛(맥도날드)",252.88,1.16,20.37,0.17,0.73,0.58,0,10.19,0
1143,"쉐이크,쵸코렛(버거킹)",314.86,1.16,0,0.17,0.73,0.58,0,10.19,0
1144,"쉐이크,쵸코렛(패스트푸드)",369.57,1.16,66.93,0.17,0.73,0.58,0,10.19,0
1145,아이스밀크,167,0.44,23,0.03,0.14,0.1,0,6,0
1146,아이스크림,215,0.69,152,0.05,0.21,0.1,0,5,0
1147,"아이스크림,누크바(롯데)",274,0.69,20,0.17,0.05,0.8,0,5,0
1148,"아이스크림,더블비안코(롯데)",149,0.44,50,0.12,0.04,0.4,1,6,0
1149,"아이스크림,딸기썬대",288.64,0.66,62.32,0.07,0.3,0.97,2.15,8.2,0
1150,"아이스크림,딸기썬대(맥도날드)",319.8,0.66,55.1,0.07,0.3,1,3,8.2,0
1151,"아이스크림,맥스(롯데)",118,0.44,4,0.02,0.01,0.1,4,6,0
1152,"아이스크림,바닐라아이스크림(콘)",159,0.4,50.5,0.05,0.25,0.29,0.97,5,0
1153,"아이스크림,셀렉션(롯데)",210,0.44,216,0.19,0.08,0.5,1,6,0
1154,"아이스크림,소프트(패스트푸드)",196,0.53,41,0.04,0.19,0.6,2,5,0
1155,"아이스크림,스크류바(롯데)",95,0.48,1,0,0,0,29,6.4,0
1156,"아이스크림,월드콘(롯데)",276,0.44,225,0.16,0.07,0.8,0,6,0
1157,"아이스크림,조안나(롯데)",154,0.44,121,0.22,0.08,0.6,0,6,0
1158,"아이스크림,캐러멜썬대(맥도날드)",359.16,0.66,66.58,0.07,0.31,2.71,3.94,8.2,0
1159,"아이스크림,콘(맥도날드)",161,0.4,45.6,0.05,0.31,0.35,0,5,0
1160,"아이스크림,핫퍼지썬대(맥도날드)",357.52,0.66,55.1,0.07,0.31,1.1,2,8.2,0
1161,"아이스크림,호두,임페리얼골드(롯데)",257,0.44,97,0.25,0.09,0.7,0,6,0
1162,"요구르트,액상",97.5,1.08,0,0.02,0.18,0,0,15.75,0
1163,"요구르트,호상",113.3,1.07,31.9,0.13,0.15,0.44,8.8,13.2,0
1164,"요구르트,호상,딸기",99,0.97,29,0.06,0.11,0.2,0,12,0
1165,"치즈,모짜렐라",57.6,0.49,38,0,0.05,0.02,0,1.4,0
1166,"치즈,체다",84.6,0.8,69,0.01,0.09,0.02,0,3.68,0
1167,크림,41.6,0.04,36.4,0,0.02,0,0,0.34,0.2
1168,과일탄산음료,49,0.1,0,0,0,0,0,0,0
1169,구아바음료,46,2.4,6,0,0,0.1,9,14,1
1170,그레이프 환타,46.2,0,0,0,0,0,0,0,0
1171,당근쥬스,40,0.16,2575,0.09,0.06,0.4,9,3.8,0
1172,"두유,애플두유",118,0.46,0,0.06,0.04,1.2,0,3,0
1173,두유음료,118,0.46,0,0.06,0.04,1.2,0,3,0
1174,라이트콜라,1,0.08,0,0.01,0.02,0,0,0,0
1175,레모네이드,43,0.04,0,0,0.02,0,3,1.3,0
1176,레몬라임소다,41,0.05,0,0,0,0,0,0,0
1177,밤넥타,54,0.35,0,0.02,0.02,0.8,0,48.4,0
1178,분말청량음료,19.25,0,0,0,0,0,0,0,0
1179,사이다,40,0.07,0,0,0,0,0,0,0
1180,사이다(롯데리아),40,0.1,0,0,0,0,0,0,0
1181,생강넥타,50,0.4,0,0.01,0.03,1.2,1,7,0
1182,"소다,그레이프소다",43,0.07,0,0,0,0,0,0,0
1183,"소다,클럽소다",0,0,0,0,0,0,0,0,0
1184,"소다수,크림소다",53.5,0.07,0,0,0,0,0,0,0
1185,슬라이스,151.92,0,0,0,0,0,0,0,0
1186,식혜,104,0.11,0,0.01,0.03,0.2,0,1.1,0
1187,"식혜,캔",104,1,0,0,0,0,10,1.08,0
1188,이온음료,25,0,0,0.01,0,0,0,0,0
1189,콜라,40,0.01,0,0,0,0,0,0,0
1190,"콜라,다이어트스후라이트",0.28,0,0,0,0,0,0,0,0
1191,"콜라,다이어트슬라이스",7.2,0,0,0,0,0,0,0,0
1192,"콜라,다이어트체리콕",0.28,0,0,0,0,0,0,0,0
1193,"콜라,다이어트콕(코카콜라)",0.28,0,0,0,0,0,0,0,0
1194,"콜라,다이어트펩시",0.28,0,0,0,0,0,0,0,0
1195,"콜라,루트비어",41.1,0,0,0,0,0,0,0,0
1196,"콜라,체리콕",43.1,0,0,0,0,0,0,0,0
1197,"콜라,코카콜라",43.4,0,0,0,0,0,0,0,0
1198,"콜라,코카콜라,클래식",39,0,0,0,0,0,0,0,0
1199,"콜라,펩시라이트",0.28,0,0,0,0,0,0,0,0
1200,"콜라,펩시콜라",44.4,0,0,0,0,0,0,0,0
1201,토마토쥬스,13,0.1,40,0.03,0.02,0.7,5,24.1,1
1202,후르츠펀치,55.5,0,1,0.02,0.02,0.02,29.6,0,0
1203,드라이진,131.5,0,0,0,0,0,0,0,0
1204,럼,131,0.04,0,0,0,0,0,0,0
1205,마운틴듀,178.92,0,0,0,0,0,0,0,0
1206,막걸리,69,0.23,0,0.02,0.05,0.45,1.5,0.6,0
1207,매실주,63,0.02,0,0,0,0,0,0,0
1208,맥주,138.75,0.11,0,0.04,0.08,1.88,0,22.5,0
1209,"맥주,생맥주",190,0.15,0,0,0.1,0,0,30,0
1210,보드카,115.5,0.02,0,0,0,0,0,0,0
1211,브랜디,175,0.03,0,0,0,0,0,0,0
1212,샴페인,17.5,0.04,0,0,0,0,0,0.2,0.5
1213,소주,63.45,0.02,0,0,0,0,0,0,0
1214,위스키,55.4,0.01,0,0,0,0,0,0,0
1215,진,139.5,0.02,0,0,0,0,0,0,0
1216,청주,48.15,0.02,0,0,0,0,0,0,0
1217,"카테일,톰칼린스",120.99,0,0,0,0,0,4,0,0
1218,"칵테일,데이커리",0,0,0,0,0,0,0,0,0
1219,"칵테일,마티니",156.1,0.01,0,0,0,0,0,0.14,0
1220,"칵테일,맨하탄",127.68,0.03,0,0.01,0,0.11,0,0.06,0
1221,"칵테일,버번앤소다",121.8,0,0,0,0,0,0,0,0
1222,"칵테일,블러드메리",116.03,0,51.06,0.07,0.03,0.61,19.98,0,0
1223,"칵테일,스크류드라이버",174.02,0.09,12.99,0.15,0.02,0.21,67.1,74.76,0
1224,"칵테일,위스키싸우어",292.6,0.1,2.09,0.44,0.02,0.21,2.72,10.87,0
1225,"칵테일,진토닉",53.2,0.03,0,0,0,0,0.28,0.35,0
1226,"칵테일,피나콜라다",332.76,0.18,2.82,0,0,0,0,0.28,0
1227,"포도주,백포도주",37,0.05,0,0,0.01,0.05,0,0.1,1
1228,"포도주,적포도주",35,0.05,0,0,0.01,0.05,0,1,1
1229,감잎차,2.93,0.03,6.87,0.01,0.01,0,0.1,1.1,0.63
1230,결명자차,16.5,0.13,0,0.05,0.04,0.45,0,2.5,0.05
1231,계피차,57.75,0.03,0.2,0.15,0.04,0.35,0,13.53,0.1
1232,구기자차,3.28,0,36.6,0.01,0,0.07,0.11,1.35,0.01
1233,녹차,3.34,0.03,6.98,0,0.01,0.05,0.23,1.1,0.63
1234,두충차,43.45,0.33,69.8,0.05,0.08,0,0,10.95,6.3
1235,보리차,1,0.01,0,0,0,0,0,0.2,0
1236,쌍화차,56.45,0.03,0,0.03,0.01,0.22,0,13.53,0.1
1237,오미자차,22.4,0,25.77,0,0,0.16,0.11,1.35,0.01
1238,우롱차,0,0,0,0,0.03,0.1,0,0.2,0
1239,유자차,69.45,0.06,0,0.01,0,0.04,6.8,27.06,0.2
1240,율무차,99.25,0.09,0,0.02,0.02,0.24,0,5.4,0.6
1241,인삼차,31.07,0,0,0,0.01,0.03,0,0.48,0.03
1242,치커리차,49.65,0.04,0,0.14,0.33,0.18,9.7,10.95,0.2
1243,캔커피,82,0.06,0,0.02,0.04,1.8,0,0.2,0
1244,"커피,설탕",22.25,0.03,0,0,0,0.3,0,0,0
1245,"커피,설탕,프림",42.55,0.06,17.3,0,0.02,0.31,0.1,0.2,0
1246,"커피,원두,블랙",3,0.03,0,0,0,0.3,0,0,0
1247,"커피,프림",23.3,0.06,17.3,0,0.02,0.31,0.1,0.2,0
1248,"코코아,핫쵸코",50,1.19,0,0.01,0.07,0.1,0,0,0
1249,"코코아,핫쵸코(버거킹)",53.7,7,55,0.4,0.17,0.15,1,0,0
1250,"코코아,핫쵸코(웬디스)",61,7,55,0.4,0.17,0.15,1,0,0
1251,현미차,0,0.01,0,0,0.01,0.1,0,0.1,0
1252,홍삼차,23.2,0,0,0,0,0.03,0,0.16,0.01
1253,홍차,1,0.02,0,0,0,0,0,5.2,0
1254,"홍차,캔",60,1,0,0,0,0.2,0,260,0
1255,가래떡,239,0.37,0,0.02,0.01,1.8,0,0.7,0
1256,개피떡,210,0.37,0,0.05,0.04,0.5,0,0.7,0
1257,백설기,234,3.03,0,0.01,0.01,0.7,0,0.7,0
1258,"송편,검정콩속",202,0.55,0,0.08,0.09,2.9,0,0.7,0
1259,"송편,깨",212,0.55,0,0.04,0.01,0.4,0,0.7,0
1260,"송편,팥고물속",214,0.55,0,0.07,0.09,3.6,0,0.7,0
1261,수수경단,219,0.18,0,0.07,0.08,8.4,0,0.7,0
1262,수수부침,221.2,0.7,0,0.06,0.02,1.4,0,14.35,5.66
1263,"시루떡,붉은팥고물",205,0.7,0,0.03,0.02,0.7,0,0.7,0
1264,쑥개피떡,208,0.37,2,0.05,0.04,0.5,0,0.7,0
1265,쑥설기,253,0.37,0,0.06,0.02,8.1,0,0.7,0
1266,약식,259,3.03,0,0.06,0.01,0.5,0,0.7,0
1267,"인절미,콩고물",217,0.52,0,0.07,0.03,0.7,0,0.7,0
1268,"인절미,팥고물",208,0.55,0,0.06,0.02,0.7,0,0.7,0
1269,절편,220,0.37,0,0.03,0.01,0.8,0,0.7,0
1270,증편,177,0.37,0,0.06,0.03,0.6,0,0.7,0
1271,찰시루떡,248,0.59,0,0.06,0.12,0,0,0.7,0
1272,찹쌀경단,240,0.55,2,0.03,0.03,0.6,0,0.7,0
1273,찹쌀떡,236,0.82,0,0.04,0.01,0.6,0,0.7,0
1274,찹쌀전병,233.2,0.87,0,0.05,0.01,0,0,3.55,5.16
1275,연두부,41,0.34,0,0.02,0.03,0.3,0,15,1
