code,name,status
00000000,,background
01011001,쌀밥,auto
01012001,기타잡곡밥,auto
01012002,콩밥,auto
01012003,보리밥,auto
01012004,돌솥밥,auto
01012005,현미밥,auto
01012006,흑미밥,auto
01013001,감자밥,auto
01013002,곤드레밥,auto
01014001,김치볶음밥,auto
01014002,주먹밥,auto
01014003,볶음밥,auto
01014004,일반비빔밥,auto
01014005,전주비빔밥,auto
01014006,삼선볶음밥,auto
01014007,새우볶음밥,auto
01014008,알밥,auto
01014009,산채비빔밥,auto
01014010,오므라이스,auto
01014011,육회비빔밥,auto
01014012,해물볶음밥,auto
01014013,열무비빔밥,auto
01015002,불고기덮밥,auto
01015003,소고기국밥,auto
01015004,송이덮밥,auto
01015005,오징어덮밥,auto
01015006,자장밥,auto
01015007,잡채밥,auto
01015008,잡탕밥,auto
01015009,장어덮밥,auto
01015010,제육덮밥,auto
01015011,짬뽕밥,auto
01015012,순대국밥,auto
01015013,카레라이스,auto
01015014,전주콩나물국밥,auto
01015015,해물덮밥,auto
01015016,회덮밥,auto
01015017,소머리국밥,auto
01015018,돼지국밥,auto
01015019,하이라이스,auto
01016001,김치김밥,auto
01016002,농어초밥,auto
01016003,문어초밥,auto
01016004,새우초밥,auto
01016005,새우튀김롤,auto
01016006,샐러드김밥,auto
01016007,광어초밥,auto
01016008,소고기김밥,auto
01016009,갈비삼각김밥,auto
01016010,연어롤,auto
01016011,연어초밥,auto
01016012,유부초밥,auto
01016013,장어초밥,auto
01016014,참치김밥,auto
01016015,참치마요삼각김밥,auto
01016016,치즈김밥,auto
01016017,캘리포니아롤,auto
01016018,한치초밥,auto
01016019,일반김밥,auto
01016020,간자장,auto
02011001,굴짬뽕,auto
02011002,기스면,auto
02011003,김치라면,auto
02011004,김치우동,auto
02011005,김치말이국수,auto
02011006,닭칼국수,auto
02011007,들깨칼국수,auto
02011008,떡라면,auto
02011009,라면,auto
02011010,막국수,auto
02011011,메밀국수,auto
02011012,물냉면,auto
02011013,비빔국수,auto
02011014,비빔냉면,auto
02011015,삼선우동,auto
02011016,삼선자장면,auto
02011017,삼선짬뽕,auto
02011018,수제비,auto
02011019,쌀국수,auto
02011020,열무김치국수,auto
02011021,오일소스스파게티,auto
02011023,일식우동,auto
02011024,볶음우동,auto
02011025,자장면,auto
02011027,잔치국수,auto
02011028,짬뽕,auto
02011029,짬뽕라면,auto
02011030,쫄면,auto
02011031,치즈라면,auto
02011032,콩국수,auto
02011033,크림소스스파게티,auto
02011034,토마토소스스파게티,auto
02011035,해물칼국수,auto
02011036,회냉면,auto
02011037,떡국,auto
02011038,떡만둣국,auto
02011039,짜장라면,auto
02011040,고기만두,auto
02012001,군만두,auto
02012002,김치만두,auto
02012003,물만두,auto
02012004,만둣국,auto
02012005,게살죽,auto
03011001,깨죽,auto
03011002,닭죽,auto
03011003,소고기버섯죽,auto
03011004,어죽,auto
03011005,잣죽,auto
03011006,전복죽,auto
03011007,참치죽,auto
03011008,채소죽,auto
03011009,팥죽,auto
03011010,호박죽,auto
03011011,콘스프,auto
03012001,토마토스프,auto
03012002,굴국,auto
04011001,김치국,auto
04011002,달걀국,auto
04011003,감자국,auto
04011004,미역국,auto
04011005,바지락조개국,auto
04011006,소고기무국,auto
04011007,소고기미역국,auto
04011008,순대국,auto
04011009,어묵국,auto
04011010,오징어국,auto
04011011,토란국,auto
04011012,탕국,auto
04011013,홍합미역국,auto
04011014,황태해장국,auto
04011015,근대된장국,auto
04011016,미소된장국,auto
04012001,배추된장국,auto
04012002,뼈다귀해장국,auto
04012003,선지(해장)국,auto
04012004,콩나물국,auto
04012005,시금치된장국,auto
04012006,시래기된장국,auto
04012007,쑥된장국,auto
04012008,아욱된장국,auto
04012009,우거지된장국,auto
04012010,우거지해장국,auto
04012011,우렁된장국,auto
04012012,갈비탕,auto
04012013,감자탕,auto
04013002,곰탕,auto
04013003,매운탕,auto
04013004,꼬리곰탕,auto
04013005,꽃게탕,auto
04013006,낙지탕,auto
04013007,내장탕,auto
04013008,닭곰탕,auto
04013009,닭볶음탕,auto
04013010,지리탕,auto
04013011,도가니탕,auto
04013012,삼계탕,auto
04013013,설렁탕,auto
04013014,알탕,auto
04013015,연포탕,auto
04013017,오리탕,auto
04013018,추어탕,auto
04013019,해물탕,auto
04013020,닭개장,auto
04013021,육개장,auto
04013022,뼈해장국,auto
04013023,미역오이냉국,auto
04013024,고등어찌개,auto
04014001,꽁치찌개,auto
04015001,동태찌개,auto
04015002,부대찌개,auto
04015003,된장찌개,auto
04016001,청국장찌개,auto
04017001,두부전골,auto
04017002,곱창전골,auto
04018001,소고기전골,auto
04018002,국수전골,auto
04018003,돼지고기김치찌개,auto
04018004,버섯찌개,auto
04019001,참치김치찌개,auto
04019002,순두부찌개,auto
04019004,콩비지찌개,auto
04019005,햄김치찌개,auto
04019006,호박찌개,auto
04019007,고추장찌개,auto
04019008,대구찜,auto
05011001,도미찜,auto
05011002,문어숙회,auto
05011004,아귀찜,auto
05011008,조기찜,auto
05011010,참꼬막,auto
05011011,해물찜,auto
05011012,소갈비찜,auto
05012001,돼지갈비찜,auto
05012002,돼지고기수육,auto
05012003,찜닭,auto
05012004,족발,auto
05012005,달걀찜,auto
05013001,닭갈비,auto
06012001,닭꼬치,auto
06012002,돼지갈비,auto
06012003,떡갈비,auto
06012004,불고기,auto
06012005,소곱창구이,auto
06012006,소양념갈비구이,auto
06012007,소불고기,auto
06012008,양념왕갈비,auto
06012009,햄버거스테이크,auto
06012010,훈제오리,auto
06012011,치킨데리야끼,auto
06012012,치킨윙,auto
06012013,더덕구이,auto
06013001,양배추구이,auto
06013002,두부구이,auto
06013003,삼치구이,auto
06014001,가자미전,auto
07011001,굴전,auto
07011002,동태전,auto
07011003,해물파전,auto
07011004,동그랑땡,auto
07012001,햄부침,auto
07012002,육전,auto
07012003,감자전,auto
07013001,고추전,auto
07013002,김치전,auto
07013003,깻잎전,auto
07013004,녹두빈대떡,auto
07013005,미나리전,auto
07013006,배추전,auto
07013007,버섯전,auto
07013008,부추전,auto
07013009,야채전,auto
07013010,파전,auto
07013011,호박부침개,auto
07013012,호박전,auto
07013013,달걀말이,auto
07014001,두부부침,auto
07014002,두부전,auto
07014003,건새우볶음,auto
08011001,낙지볶음,auto
08011002,멸치볶음,auto
08011003,어묵볶음,auto
08011004,오징어볶음,auto
08011005,오징어채볶음,auto
08011006,주꾸미볶음,auto
08011007,해물볶음,auto
08011008,감자볶음,auto
08012001,김치볶음,auto
08012002,깻잎나물볶음,auto
08012003,느타리버섯볶음,auto
08012004,두부김치,auto
08012005,머위나물볶음,auto
08012006,양송이버섯볶음,auto
08012007,표고버섯볶음,auto
08012008,고추잡채,auto
08012009,호박볶음,auto
08012010,돼지고기볶음,auto
08013001,돼지껍데기볶음,auto
08013002,소세지볶음,auto
08013003,순대볶음,auto
08013004,오리불고기,auto
08013005,오삼불고기,auto
08013006,떡볶이,auto
08014001,라볶이,auto
08014002,마파두부,auto
08014003,가자미조림,auto
09011001,갈치조림,auto
09011002,고등어조림,auto
09011003,꽁치조림,auto
09011004,동태조림,auto
09011005,북어조림,auto
09011006,조기조림,auto
09011007,코다리조림,auto
09011008,달걀장조림,auto
09012001,메추리알장조림,auto
09012002,돼지고기메추리알장조림,auto
09013001,소고기메추리알장조림,auto
09013002,고추조림,auto
09014001,감자조림,auto
09014002,우엉조림,auto
09014003,알감자조림,auto
09014004,(검은)콩조림,auto
09015001,콩조림,auto
09015002,두부고추장조림,auto
09015003,땅콩조림,auto
09016001,미꾸라지튀김,auto
10011001,새우튀김,auto
10011002,생선가스,auto
10011003,쥐포튀김,auto
10011004,오징어튀김,auto
10011005,닭강정,auto
10012001,닭튀김,auto
10012002,돈가스,auto
10012003,모래집튀김,auto
10012004,양념치킨,auto
10012005,치즈돈가스,auto
10012006,치킨가스,auto
10012007,탕수육,auto
10012008,깐풍기,auto
10012009,감자튀김,auto
10014001,고구마맛탕,auto
10014002,고구마튀김,auto
10014003,고추튀김,auto
10014004,김말이튀김,auto
10014005,채소튀김,auto
10014006,노각무침,auto
11011001,단무지무침,auto
11011002,달래나물무침,auto
11011003,더덕무침,auto
11011004,도라지생채,auto
11011005,도토리묵,auto
11011006,마늘쫑무침,auto
11011007,무생채,auto
11011008,무말랭이,auto
11011009,오이생채,auto
11011010,파무침,auto
11011011,상추겉절이,auto
11012001,쑥갓나물무침,auto
11012002,청포묵무침,auto
11012003,해파리냉채,auto
11012004,가지나물,auto
11013001,고사리나물,auto
11013002,도라지나물,auto
11013003,무나물,auto
11013004,미나리나물,auto
11013005,숙주나물,auto
11013006,시금치나물,auto
11013007,취나물,auto
11013009,콩나물,auto
11013010,고구마줄기나물,auto
11013011,우거지나물무침,auto
11013012,골뱅이무침,auto
11014001,김무침,auto
11014002,미역초무침,auto
11014003,북어채무침,auto
11014004,회무침,auto
11014005,쥐치채,auto
11014006,파래무침,auto
11014007,홍어무침,auto
11014008,골뱅이국수무침,auto
11014009,오징어무침,auto
11014010,잡채,auto
11015001,탕평채,auto
11015002,갓김치,auto
12011001,고들빼기,auto
12011002,깍두기,auto
12011003,깻잎김치,auto
12011004,나박김치,auto
12011005,동치미,auto
12011006,배추겉절이,auto
12011007,배추김치,auto
12011008,백김치,auto
12011009,부추김치,auto
12011010,열무김치,auto
12011011,열무얼갈이김치,auto
12011012,오이소박이,auto
12011013,총각김치,auto
12011014,파김치,auto
12011015,간장게장,auto
13011001,마늘쫑장아찌,auto
13011002,고추장아찌,auto
13011003,깻잎장아찌,auto
13011004,마늘장아찌,auto
13011005,무장아찌,auto
13011006,양념게장,auto
13011007,양파장아찌,auto
13011008,오이지,auto
13011009,무피클,auto
13011010,오이피클,auto
13011011,단무지,auto
13011012,오징어젓갈,auto
13012001,명란젓,auto
13012002,생연어,auto
14011001,생선물회,auto
14011002,광어회,auto
14011004,훈제연어,auto
14011005,육회,auto
14012001,육사시미,auto
14012002,가래떡,auto
15011001,경단,auto
15011002,꿀떡,auto
15011003,시루떡,auto
15011004,메밀전병,auto
15011005,찰떡,auto
15011006,무지개떡,auto
15011007,백설기,auto
15011008,송편,auto
15011009,수수부꾸미,auto
15011010,수수팥떡,auto
15011011,쑥떡,auto
15011012,약식,auto
15011013,인절미,auto
15011014,절편,auto
15011015,증편,auto
15011016,찹쌀떡,auto
15011017,매작과,auto
15011018,다식,auto
15011019,약과,auto
16011001,유과,auto
16011002,산자,auto
16011003,깨강정,auto
16011004,,unmapped
16011005,,unmapped
16011006,,unmapped
spoon,,special
spoon,,special
spoon,,special
